event_id,name,type,category,location,date,time,ticket_price,artist,popularity_score
E0001,One Film Event,Tasting,Film,"Mumbai, India",2025-01-05,19:55:25,138.54,,0.84
E0002,Large Literature Event,Play,Literature,"Tokyo, Japan",2024-11-01,05:32:51,23.75,,0.69
E0003,Lay Film Event,Match,Film,"Dubai, United Arab Emirates",2024-08-20,20:52:05,66.51,,0.37
E0004,Hold Literature Event,Tasting,Literature,"Istanbul, Turkey",2024-11-24,21:17:14,86.83,,0.8
E0005,Book Literature Event,Play,Literature,"Seoul, South Korea",2024-09-26,10:53:44,76.03,,0.62
E0006,Practice Workshops Event,Exhibition,Workshops,"Bangkok, Thailand",2024-12-03,13:08:56,70.9,,0.9
E0007,Market Music Event,Play,Music,"Istanbul, Turkey",2024-12-20,18:11:20,196.86,Mr. Andrew Roberts,0.29
E0008,Down Comedy Event,Match,Comedy,"Tokyo, Japan",2024-11-25,22:55:02,21.57,,0.87
E0009,Appear Music Event,Play,Music,"Singapore, Singapore",2024-04-14,13:44:57,187.31,Linda Cantrell,0.85
E0010,Together Literature Event,Screening,Literature,"Singapore, Singapore",2024-06-08,11:30:49,89.72,,0.59
E0011,Word Theater Event,Match,Theater,"Istanbul, Turkey",2024-07-09,01:25:54,102.3,,0.05
E0012,Trouble Comedy Event,Show,Comedy,"Berlin, Germany",2024-06-04,21:39:43,16.19,,0.57
E0013,Suggest Tech Event,Tasting,Tech,"Sydney, Australia",2024-07-15,19:05:40,158.06,,0.24
E0014,Medical Sports Event,Play,Sports,"Cape Town, South Africa",2024-07-21,18:55:08,110.5,,0.37
E0015,Wind Art Event,Match,Art,"Madrid, Spain",2024-09-01,20:06:13,89.56,,0.24
E0016,Center Sports Event,Tasting,Sports,"Shanghai, China",2024-03-22,10:21:52,94.34,,0.03
E0017,Industry Theater Event,Exhibition,Theater,"Paris, France",2024-03-25,21:40:57,155.5,,0.13
E0018,Box Film Event,Concert,Film,"Berlin, Germany",2025-03-10,23:15:44,40.45,,0.49
E0019,Responsibility Art Event,Screening,Art,"London, United Kingdom",2024-06-13,06:52:15,134.11,,0.42
E0020,Old Art Event,Match,Art,"Shanghai, China",2024-12-16,18:34:06,192.05,,0.54
E0021,Out Tech Event,Show,Tech,"Paris, France",2025-01-17,01:55:55,115.74,,0.21
E0022,Amount Film Event,Play,Film,"Shanghai, China",2025-01-15,10:51:03,154.35,,0.83
E0023,Purpose Food Event,Concert,Food,"Seoul, South Korea",2024-11-04,17:52:17,173.85,,0.65
E0024,Energy Comedy Event,Conference,Comedy,"Los Angeles, United States",2024-12-20,13:48:25,114.98,,0.24
E0025,Pick Music Event,Tasting,Music,"Toronto, Canada",2024-05-28,23:19:20,119.33,Kevin Fisher,0.19
E0026,News Tech Event,Tasting,Tech,"Bangkok, Thailand",2025-01-12,10:38:27,144.55,,0.38
E0027,Decision Comedy Event,Play,Comedy,"Istanbul, Turkey",2024-04-15,05:33:36,24.24,,0.58
E0028,Staff Food Event,Conference,Food,"Berlin, Germany",2024-05-10,19:09:23,113.76,,0.72
E0029,Someone Tech Event,Reading,Tech,"Tokyo, Japan",2024-09-04,20:14:50,34.61,,0.98
E0030,Small Theater Event,Show,Theater,"Sydney, Australia",2024-07-08,05:46:16,92.54,,0.57
E0031,Join Food Event,Conference,Food,"New York, United States",2025-03-03,23:14:55,51.54,,0.97
E0032,Down Food Event,Concert,Food,"Seoul, South Korea",2024-11-11,01:35:11,106.33,,0.86
E0033,Provide Literature Event,Reading,Literature,"Sydney, Australia",2024-12-15,04:35:53,22.53,,0.46
E0034,Inside Theater Event,Reading,Theater,"Mumbai, India",2024-06-04,20:36:15,76.43,,0.32
E0035,Town Theater Event,Play,Theater,"Cape Town, South Africa",2024-12-01,21:23:53,66.48,,0.14
E0036,Matter Workshops Event,Reading,Workshops,"London, United Kingdom",2024-08-17,10:35:28,18.78,,0.12
E0037,Red Comedy Event,Concert,Comedy,"Mexico City, Mexico",2025-03-05,21:19:45,85.11,,0.69
E0038,Run Food Event,Conference,Food,"Shanghai, China",2025-03-06,09:05:43,142.31,,0.58
E0039,Outside Film Event,Seminar,Film,"Tokyo, Japan",2025-01-25,21:00:54,16.63,,0.28
E0040,Effect Food Event,Concert,Food,"London, United Kingdom",2024-05-21,05:00:26,77.98,,0.91
E0041,Commercial Food Event,Exhibition,Food,"Toronto, Canada",2024-04-30,15:27:32,49.39,,0.51
E0042,Traditional Art Event,Exhibition,Art,"Mexico City, Mexico",2025-01-08,07:07:22,173.53,,0.7
E0043,Former Sports Event,Seminar,Sports,"Mumbai, India",2024-04-01,13:24:50,167.19,,0.14
E0044,Life Sports Event,Play,Sports,"Tokyo, Japan",2024-05-27,08:28:48,193.91,,0.19
E0045,Player Literature Event,Concert,Literature,"Berlin, Germany",2024-10-09,13:01:10,119.23,,0.51
E0046,Name Workshops Event,Exhibition,Workshops,"Sydney, Australia",2025-03-07,09:02:48,132.84,,0.56
E0047,Loss Comedy Event,Seminar,Comedy,"Cape Town, South Africa",2024-11-13,23:03:03,151.2,,0.06
E0048,Budget Literature Event,Play,Literature,"Mumbai, India",2024-07-23,01:30:04,92.23,,0.15
E0049,Address Tech Event,Tasting,Tech,"Tokyo, Japan",2025-01-31,07:10:38,32.95,,0.78
E0050,His Sports Event,Screening,Sports,"Cape Town, South Africa",2024-06-08,22:46:00,32.65,,0.62
E0051,Speak Music Event,Concert,Music,"New York, United States",2024-08-02,23:32:34,132.26,Brian Coleman,0.04
E0052,Thing Sports Event,Reading,Sports,"Sydney, Australia",2025-01-28,21:44:35,146.34,,0.91
E0053,Nation Film Event,Tasting,Film,"Shanghai, China",2024-10-05,20:42:03,22.61,,0.38
E0054,And Film Event,Play,Film,"Mumbai, India",2025-02-01,09:40:09,78.43,,0.7
E0055,Ask Art Event,Tasting,Art,"Los Angeles, United States",2024-06-02,04:41:53,59.85,,0.48
E0056,Real Music Event,Screening,Music,"Berlin, Germany",2024-05-18,05:26:59,143.79,Brett Reynolds,0.87
E0057,Analysis Art Event,Reading,Art,"Moscow, Russia",2025-01-19,03:39:04,116.02,,0.61
E0058,Trouble Food Event,Show,Food,"New York, United States",2024-06-07,21:55:37,40.19,,0.88
E0059,Street Literature Event,Match,Literature,"Mexico City, Mexico",2025-03-01,10:50:06,53.1,,0.92
E0060,Wait Theater Event,Concert,Theater,"London, United Kingdom",2025-01-30,04:50:42,96.92,,0.17
E0061,Behind Art Event,Exhibition,Art,"Mexico City, Mexico",2024-10-19,08:09:34,12.59,,0.3
E0062,Message Comedy Event,Concert,Comedy,"New York, United States",2024-08-30,00:54:26,171.21,,0.23
E0063,Summer Theater Event,Conference,Theater,"London, United Kingdom",2024-07-12,07:10:12,199.06,,0.94
E0064,Either Comedy Event,Play,Comedy,"Cape Town, South Africa",2024-12-07,02:23:23,112.69,,0.66
E0065,Surface Food Event,Tasting,Food,"Sydney, Australia",2024-09-10,00:43:13,112.58,,0.87
E0066,Politics Workshops Event,Match,Workshops,"Toronto, Canada",2025-03-05,12:21:01,69.97,,0.34
E0067,Leader Film Event,Exhibition,Film,"Mexico City, Mexico",2024-06-10,17:21:57,83.74,,0.11
E0068,Field Food Event,Play,Food,"Seoul, South Korea",2024-08-01,03:33:37,73.55,,0.03
E0069,Concern Comedy Event,Show,Comedy,"Bangkok, Thailand",2024-04-28,02:59:31,189.15,,0.77
E0070,Defense Comedy Event,Match,Comedy,"Dubai, United Arab Emirates",2025-03-14,22:00:36,119.31,,0.5
E0071,Civil Tech Event,Seminar,Tech,"Paris, France",2024-06-30,02:43:44,162.89,,0.33
E0072,Follow Sports Event,Seminar,Sports,"Cape Town, South Africa",2024-06-22,15:35:21,63.11,,0.42
E0073,Evidence Music Event,Tasting,Music,"Bangkok, Thailand",2024-04-28,06:04:56,161.13,Susan Powers,0.08
E0074,Anyone Theater Event,Show,Theater,"London, United Kingdom",2024-09-20,23:12:22,171.77,,0.53
E0075,Management Music Event,Screening,Music,"Istanbul, Turkey",2025-03-01,20:26:46,27.91,Christian Brown DDS,0.47
E0076,Business Food Event,Exhibition,Food,"Toronto, Canada",2024-06-18,05:57:47,175.31,,0.29
E0077,Section Literature Event,Tasting,Literature,"Los Angeles, United States",2024-06-10,11:30:12,53.33,,0.16
E0078,Approach Literature Event,Reading,Literature,"Singapore, Singapore",2024-10-02,01:22:41,120.44,,0.31
E0079,Assume Tech Event,Play,Tech,"Istanbul, Turkey",2024-09-23,09:11:23,103.61,,0.18
E0080,Change Music Event,Concert,Music,"Mexico City, Mexico",2025-01-21,18:20:01,181.56,Michelle Smith,0.88
E0081,Skin Art Event,Tasting,Art,"London, United Kingdom",2024-09-11,05:31:27,170.88,,0.6
E0082,Item Art Event,Screening,Art,"New York, United States",2024-12-06,03:45:11,61.54,,0.14
E0083,Machine Art Event,Reading,Art,"New York, United States",2025-02-25,14:57:51,154.53,,0.86
E0084,Either Comedy Event,Tasting,Comedy,"Berlin, Germany",2024-11-11,13:00:13,55.39,,0.97
E0085,Indicate Workshops Event,Seminar,Workshops,"Paris, France",2024-10-21,10:20:42,74.54,,0.01
E0086,Campaign Music Event,Play,Music,"Sydney, Australia",2024-06-01,19:53:34,62.97,Melanie Ford,0.99
E0087,Eat Literature Event,Play,Literature,"Moscow, Russia",2024-04-22,17:34:03,153.89,,0.46
E0088,Expert Food Event,Seminar,Food,"Singapore, Singapore",2024-06-18,00:13:15,136.76,,0.98
E0089,Responsibility Theater Event,Play,Theater,"Paris, France",2024-05-07,10:16:12,175.09,,0.49
E0090,Remember Literature Event,Tasting,Literature,"Toronto, Canada",2024-04-25,00:13:21,134.39,,0.21
E0091,Discuss Art Event,Reading,Art,"Tokyo, Japan",2024-08-09,16:24:56,66.07,,0.45
E0092,Fund Tech Event,Show,Tech,"Cape Town, South Africa",2024-11-25,04:38:39,72.14,,0.46
E0093,Collection Workshops Event,Screening,Workshops,"Mexico City, Mexico",2024-11-13,15:23:35,174.06,,0.64
E0094,Sell Tech Event,Seminar,Tech,"Los Angeles, United States",2024-09-13,18:59:59,195.07,,0.17
E0095,Turn Theater Event,Concert,Theater,"Shanghai, China",2025-02-21,02:15:06,163.86,,0.29
E0096,Exactly Workshops Event,Show,Workshops,"Sydney, Australia",2024-08-14,07:39:01,55.48,,0.54
E0097,Little Literature Event,Concert,Literature,"Madrid, Spain",2024-11-01,11:52:24,99.24,,0.65
E0098,Begin Workshops Event,Exhibition,Workshops,"Los Angeles, United States",2024-05-22,03:29:00,28.1,,0.17
E0099,Allow Tech Event,Match,Tech,"São Paulo, Brazil",2025-03-19,22:37:59,195.75,,0.63
E0100,Send Film Event,Show,Film,"Madrid, Spain",2024-12-13,18:11:32,86.57,,0.12
E0101,Big Workshops Event,Match,Workshops,"Dubai, United Arab Emirates",2024-12-25,11:04:45,73.62,,0.64
E0102,Prove Sports Event,Conference,Sports,"Shanghai, China",2024-04-06,06:49:21,19.27,,0.46
E0103,Movie Workshops Event,Match,Workshops,"Istanbul, Turkey",2025-01-04,14:39:43,89.18,,0.36
E0104,Official Literature Event,Concert,Literature,"Paris, France",2024-07-12,23:30:16,172.46,,0.17
E0105,Open Food Event,Tasting,Food,"Paris, France",2024-11-15,09:51:36,144.4,,0.33
E0106,Out Comedy Event,Seminar,Comedy,"Cape Town, South Africa",2025-02-23,22:43:26,46.1,,0.74
E0107,Civil Art Event,Reading,Art,"Toronto, Canada",2024-12-25,08:40:56,58.52,,0.87
E0108,Huge Art Event,Match,Art,"Toronto, Canada",2024-06-16,12:30:07,90.67,,0.82
E0109,Huge Art Event,Concert,Art,"Shanghai, China",2024-05-11,08:34:20,114.16,,0.78
E0110,Almost Workshops Event,Concert,Workshops,"Moscow, Russia",2024-05-31,13:21:16,14.5,,0.28
E0111,Professor Food Event,Seminar,Food,"Istanbul, Turkey",2024-07-12,04:59:48,82.19,,0.26
E0112,Condition Film Event,Reading,Film,"Tokyo, Japan",2024-12-07,01:34:46,86.6,,0.55
E0113,Energy Tech Event,Reading,Tech,"Mumbai, India",2024-10-29,22:47:04,81.39,,0.1
E0114,Thank Music Event,Match,Music,"São Paulo, Brazil",2024-09-03,01:25:12,71.64,Jennifer Poole,0.9
E0115,Ahead Sports Event,Tasting,Sports,"São Paulo, Brazil",2024-07-09,16:06:24,186.77,,0.78
E0116,Air Comedy Event,Match,Comedy,"Sydney, Australia",2024-11-01,14:21:43,53.42,,0.54
E0117,High Theater Event,Screening,Theater,"Cape Town, South Africa",2024-12-17,10:59:17,122.34,,0.77
E0118,Ability Literature Event,Seminar,Literature,"São Paulo, Brazil",2024-03-31,16:51:37,44.07,,0.94
E0119,Feel Film Event,Show,Film,"São Paulo, Brazil",2024-08-06,05:35:06,76.2,,0.34
E0120,Forget Literature Event,Conference,Literature,"Moscow, Russia",2025-01-30,15:28:16,62.89,,0.22
E0121,Beautiful Workshops Event,Play,Workshops,"Bangkok, Thailand",2025-03-21,20:37:23,105.38,,0.94
E0122,Consumer Music Event,Seminar,Music,"Seoul, South Korea",2024-10-04,21:00:09,92.76,Randy Harrington,0.46
E0123,Carry Workshops Event,Conference,Workshops,"Los Angeles, United States",2024-05-12,14:12:41,112.1,,0.65
E0124,Walk Literature Event,Tasting,Literature,"Mexico City, Mexico",2024-07-10,20:17:11,114.82,,0.17
E0125,Require Food Event,Exhibition,Food,"Moscow, Russia",2024-04-30,19:20:01,32.12,,0.77
E0126,Have Comedy Event,Tasting,Comedy,"Mexico City, Mexico",2025-03-02,10:51:43,50.24,,0.29
E0127,What Literature Event,Screening,Literature,"New York, United States",2024-11-27,20:39:57,194.2,,0.68
E0128,Necessary Theater Event,Exhibition,Theater,"Shanghai, China",2025-03-19,17:30:55,158.63,,0.81
E0129,American Tech Event,Seminar,Tech,"Dubai, United Arab Emirates",2024-07-28,01:02:35,198.41,,0.74
E0130,Me Literature Event,Show,Literature,"Tokyo, Japan",2024-03-29,07:47:54,133.37,,0.19
E0131,If Art Event,Match,Art,"Toronto, Canada",2025-02-07,15:25:18,183.27,,0.83
E0132,Develop Tech Event,Concert,Tech,"Mexico City, Mexico",2025-01-04,07:29:04,177.48,,0.61
E0133,Method Workshops Event,Seminar,Workshops,"Istanbul, Turkey",2024-07-04,14:27:07,62.43,,0.87
E0134,Attack Film Event,Concert,Film,"Tokyo, Japan",2024-11-03,06:08:45,76.33,,0.95
E0135,Cut Comedy Event,Reading,Comedy,"São Paulo, Brazil",2025-02-03,21:24:50,114.55,,0.41
E0136,I Music Event,Exhibition,Music,"London, United Kingdom",2024-12-19,08:54:35,116.1,Christopher Smith,0.07
E0137,Minute Music Event,Show,Music,"Mumbai, India",2025-01-30,13:44:08,47.88,Shawn Mejia,0.47
E0138,Suddenly Music Event,Seminar,Music,"Cape Town, South Africa",2024-12-05,07:35:27,104.88,Douglas Hardy,0.9
E0139,Buy Theater Event,Reading,Theater,"São Paulo, Brazil",2024-10-14,22:42:01,60.0,,0.37
E0140,Wear Workshops Event,Concert,Workshops,"Moscow, Russia",2024-05-27,23:52:19,129.1,,0.24
E0141,Fear Tech Event,Tasting,Tech,"Dubai, United Arab Emirates",2024-08-08,23:55:48,51.34,,0.14
E0142,Off Sports Event,Concert,Sports,"Berlin, Germany",2024-10-01,07:28:42,190.81,,0.47
E0143,Baby Music Event,Play,Music,"Madrid, Spain",2025-02-24,15:31:41,141.62,Joseph Harris,0.2
E0144,Television Art Event,Show,Art,"Tokyo, Japan",2024-09-18,22:39:59,49.23,,0.81
E0145,Mean Tech Event,Tasting,Tech,"Berlin, Germany",2024-03-31,14:00:26,80.1,,0.59
E0146,Mother Tech Event,Tasting,Tech,"Istanbul, Turkey",2024-11-03,02:06:11,52.97,,0.38
E0147,Resource Literature Event,Conference,Literature,"Moscow, Russia",2024-07-06,03:16:03,78.63,,0.75
E0148,Both Music Event,Reading,Music,"Shanghai, China",2024-03-28,05:06:58,56.22,Sally Welch,0.54
E0149,Military Tech Event,Tasting,Tech,"Sydney, Australia",2024-05-24,09:36:30,168.32,,0.6
E0150,Edge Literature Event,Seminar,Literature,"Dubai, United Arab Emirates",2024-06-16,02:10:23,95.45,,0.94
E0151,Herself Art Event,Seminar,Art,"Bangkok, Thailand",2024-11-19,05:40:35,188.1,,0.65
E0152,Account Literature Event,Conference,Literature,"Cape Town, South Africa",2025-02-21,22:14:22,150.43,,0.32
E0153,Task Art Event,Conference,Art,"Singapore, Singapore",2024-08-07,00:51:00,117.35,,0.23
E0154,Amount Sports Event,Reading,Sports,"Bangkok, Thailand",2024-04-27,14:30:44,149.55,,0.89
E0155,Design Film Event,Screening,Film,"Dubai, United Arab Emirates",2024-12-21,07:33:47,60.16,,0.79
E0156,Score Food Event,Play,Food,"Berlin, Germany",2024-05-31,23:12:11,62.16,,0.81
E0157,Herself Literature Event,Reading,Literature,"Toronto, Canada",2025-01-29,22:23:42,27.18,,0.67
E0158,Billion Tech Event,Show,Tech,"Los Angeles, United States",2024-05-30,04:09:01,42.8,,0.63
E0159,Agent Music Event,Show,Music,"Tokyo, Japan",2024-10-02,16:04:38,70.5,Barbara Williamson,0.5
E0160,The Sports Event,Exhibition,Sports,"Los Angeles, United States",2024-05-16,23:28:27,85.37,,0.17
E0161,Information Film Event,Exhibition,Film,"New York, United States",2024-07-30,06:14:30,89.99,,0.38
E0162,Top Tech Event,Exhibition,Tech,"Moscow, Russia",2024-10-09,19:23:12,93.2,,0.49
E0163,Commercial Tech Event,Exhibition,Tech,"Mumbai, India",2024-08-18,23:55:36,127.07,,0.77
E0164,Low Literature Event,Play,Literature,"Tokyo, Japan",2024-07-07,09:45:28,108.84,,0.67
E0165,Nation Theater Event,Conference,Theater,"Singapore, Singapore",2024-09-27,04:02:01,169.24,,0.99
E0166,Citizen Sports Event,Conference,Sports,"London, United Kingdom",2024-11-14,11:10:22,37.57,,0.64
E0167,Difference Tech Event,Reading,Tech,"Cape Town, South Africa",2025-01-02,12:20:48,58.4,,0.9
E0168,Born Workshops Event,Exhibition,Workshops,"London, United Kingdom",2024-05-03,05:34:44,166.74,,0.47
E0169,Rock Literature Event,Show,Literature,"Los Angeles, United States",2025-01-04,22:22:29,12.12,,0.18
E0170,Hundred Workshops Event,Screening,Workshops,"Cape Town, South Africa",2025-01-15,04:32:04,75.97,,0.71
E0171,Four Tech Event,Seminar,Tech,"Tokyo, Japan",2024-10-14,11:26:47,100.63,,0.69
E0172,Always Workshops Event,Show,Workshops,"Paris, France",2024-08-06,03:03:44,163.98,,0.98
E0173,Fire Tech Event,Concert,Tech,"Seoul, South Korea",2024-11-01,23:02:49,127.51,,0.52
E0174,Green Food Event,Show,Food,"Madrid, Spain",2024-12-25,16:46:00,170.2,,0.39
E0175,Two Workshops Event,Play,Workshops,"Mexico City, Mexico",2024-12-06,17:46:29,199.79,,0.87
E0176,Newspaper Music Event,Tasting,Music,"Moscow, Russia",2025-02-06,08:38:19,22.58,Lucas Fisher,0.86
E0177,Current Food Event,Concert,Food,"Tokyo, Japan",2024-07-16,08:06:16,59.8,,0.41
E0178,Dream Comedy Event,Reading,Comedy,"London, United Kingdom",2024-12-07,18:13:36,121.23,,0.16
E0179,Read Workshops Event,Show,Workshops,"Moscow, Russia",2024-07-14,12:56:08,43.9,,0.83
E0180,Seek Film Event,Conference,Film,"Istanbul, Turkey",2024-06-23,20:05:01,191.99,,0.61
E0181,Medical Art Event,Match,Art,"Los Angeles, United States",2024-05-04,08:08:50,161.06,,0.91
E0182,Pattern Art Event,Seminar,Art,"Berlin, Germany",2025-02-26,21:38:54,70.94,,0.76
E0183,Just Literature Event,Play,Literature,"Sydney, Australia",2025-03-17,16:00:49,37.54,,0.44
E0184,Live Music Event,Show,Music,"Berlin, Germany",2025-02-07,00:03:05,110.89,Taylor Davis,0.08
E0185,Agency Art Event,Exhibition,Art,"Bangkok, Thailand",2024-11-18,03:43:34,132.63,,0.41
E0186,Hold Theater Event,Screening,Theater,"Singapore, Singapore",2024-08-23,13:12:18,71.8,,0.14
E0187,Television Film Event,Show,Film,"Shanghai, China",2024-12-28,18:03:53,49.06,,0.51
E0188,International Theater Event,Exhibition,Theater,"Mumbai, India",2024-04-12,16:59:44,133.84,,0.38
E0189,Sure Comedy Event,Exhibition,Comedy,"Mexico City, Mexico",2024-10-22,10:46:24,104.49,,0.25
E0190,Statement Comedy Event,Tasting,Comedy,"Cape Town, South Africa",2024-04-14,14:19:47,169.38,,0.17
E0191,Choice Comedy Event,Play,Comedy,"Los Angeles, United States",2024-10-11,23:21:18,127.98,,0.35
E0192,Huge Art Event,Seminar,Art,"Berlin, Germany",2024-12-28,22:15:18,93.22,,0.05
E0193,Claim Film Event,Seminar,Film,"Singapore, Singapore",2024-10-31,15:18:40,178.44,,0.3
E0194,Identify Tech Event,Screening,Tech,"Seoul, South Korea",2024-07-11,05:43:29,104.91,,0.3
E0195,History Art Event,Screening,Art,"Shanghai, China",2025-02-15,00:24:10,86.55,,0.67
E0196,Western Film Event,Exhibition,Film,"Seoul, South Korea",2024-04-02,07:38:20,139.09,,0.91
E0197,Onto Tech Event,Reading,Tech,"Seoul, South Korea",2024-12-16,15:06:41,20.74,,0.05
E0198,Account Film Event,Seminar,Film,"Berlin, Germany",2024-12-05,03:19:37,71.78,,0.68
E0199,Understand Workshops Event,Play,Workshops,"Tokyo, Japan",2024-08-06,18:23:14,107.64,,0.2
E0200,President Literature Event,Play,Literature,"São Paulo, Brazil",2024-09-25,01:45:17,15.65,,0.1
E0201,Quickly Literature Event,Tasting,Literature,"São Paulo, Brazil",2025-01-27,12:50:43,84.2,,0.36
E0202,Eight Film Event,Play,Film,"Berlin, Germany",2024-12-10,16:42:54,53.52,,0.59
E0203,Me Film Event,Match,Film,"Bangkok, Thailand",2024-11-15,06:18:02,139.74,,0.15
E0204,Other Music Event,Exhibition,Music,"Sydney, Australia",2025-02-05,23:28:38,172.25,Debra Weber,0.19
E0205,If Tech Event,Concert,Tech,"Shanghai, China",2024-03-24,18:24:52,191.53,,0.65
E0206,From Literature Event,Screening,Literature,"Paris, France",2025-01-11,02:31:04,161.74,,0.91
E0207,Recognize Workshops Event,Play,Workshops,"Los Angeles, United States",2024-10-30,13:46:40,95.62,,0.31
E0208,Professional Sports Event,Seminar,Sports,"Moscow, Russia",2024-11-18,05:18:51,30.03,,0.54
E0209,Natural Workshops Event,Reading,Workshops,"Toronto, Canada",2024-07-20,14:50:35,138.66,,0.25
E0210,His Film Event,Conference,Film,"Tokyo, Japan",2024-09-25,21:53:10,97.82,,0.83
E0211,May Tech Event,Match,Tech,"Berlin, Germany",2024-06-26,21:51:06,146.61,,0.81
E0212,Deal Music Event,Show,Music,"Bangkok, Thailand",2025-01-18,11:55:45,48.76,Steven Long,0.49
E0213,Police Comedy Event,Concert,Comedy,"Sydney, Australia",2024-11-05,04:26:49,27.83,,0.2
E0214,Model Comedy Event,Exhibition,Comedy,"Berlin, Germany",2024-10-26,19:29:02,77.7,,0.33
E0215,Young Music Event,Screening,Music,"Seoul, South Korea",2024-05-06,23:26:23,139.85,Brandon Price,0.97
E0216,Coach Music Event,Conference,Music,"New York, United States",2024-10-23,11:50:06,109.83,Mrs. Susan Hernandez DVM,0.06
E0217,Art Art Event,Play,Art,"Singapore, Singapore",2024-08-20,04:52:04,150.62,,0.92
E0218,Finish Sports Event,Play,Sports,"Madrid, Spain",2024-12-29,13:04:37,79.65,,0.16
E0219,Church Comedy Event,Show,Comedy,"Tokyo, Japan",2024-06-07,23:53:44,64.98,,0.18
E0220,Region Food Event,Show,Food,"London, United Kingdom",2024-09-08,01:15:24,133.27,,0.57
E0221,Issue Music Event,Seminar,Music,"Berlin, Germany",2024-08-08,04:05:00,167.47,Robert Adams,0.95
E0222,Base Comedy Event,Exhibition,Comedy,"New York, United States",2024-11-23,09:04:32,185.56,,0.59
E0223,Cause Workshops Event,Play,Workshops,"Sydney, Australia",2024-06-05,15:18:03,145.43,,0.31
E0224,Look Food Event,Screening,Food,"Shanghai, China",2024-09-13,02:48:50,38.99,,0.51
E0225,Feel Literature Event,Tasting,Literature,"Madrid, Spain",2024-09-17,12:36:20,188.28,,0.73
E0226,Among Food Event,Screening,Food,"Seoul, South Korea",2024-08-26,03:00:23,27.28,,0.25
E0227,Act Workshops Event,Play,Workshops,"Los Angeles, United States",2024-11-21,19:33:47,78.43,,0.82
E0228,Have Literature Event,Screening,Literature,"Seoul, South Korea",2025-02-26,12:51:54,29.78,,0.35
E0229,Recognize Music Event,Seminar,Music,"Mexico City, Mexico",2024-05-09,09:09:44,109.64,Anthony Miller,0.94
E0230,Least Music Event,Reading,Music,"Tokyo, Japan",2024-10-10,19:38:20,89.34,Jeffery Merritt,0.86
E0231,Machine Literature Event,Tasting,Literature,"Toronto, Canada",2024-08-12,13:50:06,21.94,,0.67
E0232,Away Art Event,Show,Art,"Mumbai, India",2024-12-30,11:39:45,181.23,,0.93
E0233,Away Comedy Event,Match,Comedy,"São Paulo, Brazil",2025-03-12,20:42:44,47.31,,0.2
E0234,Tend Art Event,Show,Art,"Seoul, South Korea",2024-08-04,11:50:14,134.38,,0.31
E0235,Forward Sports Event,Show,Sports,"Sydney, Australia",2024-08-31,18:27:26,99.3,,0.94
E0236,Mind Comedy Event,Show,Comedy,"Los Angeles, United States",2024-09-13,13:21:51,168.29,,0.26
E0237,Again Workshops Event,Show,Workshops,"Dubai, United Arab Emirates",2024-11-27,06:32:58,70.36,,0.82
E0238,Third Music Event,Match,Music,"São Paulo, Brazil",2024-12-30,16:57:33,155.48,Mr. Timothy Noble,0.06
E0239,Soldier Theater Event,Match,Theater,"Dubai, United Arab Emirates",2025-01-10,02:22:21,185.66,,0.27
E0240,Investment Film Event,Match,Film,"Berlin, Germany",2024-06-02,12:54:18,177.35,,0.72
E0241,Line Workshops Event,Seminar,Workshops,"New York, United States",2024-09-08,14:16:23,27.34,,0.87
E0242,Case Literature Event,Match,Literature,"Mexico City, Mexico",2024-06-13,15:31:09,110.35,,0.46
E0243,Sound Tech Event,Tasting,Tech,"London, United Kingdom",2025-03-18,13:00:39,20.62,,0.33
E0244,Any Art Event,Play,Art,"London, United Kingdom",2024-08-20,17:42:38,22.25,,0.86
E0245,Dream Art Event,Seminar,Art,"Mexico City, Mexico",2024-06-21,02:35:34,121.45,,0.25
E0246,State Music Event,Match,Music,"Paris, France",2025-01-21,18:46:43,147.77,Deborah Chan,0.53
E0247,Nature Film Event,Concert,Film,"Madrid, Spain",2024-09-06,01:31:15,126.11,,0.55
E0248,Hour Tech Event,Screening,Tech,"Dubai, United Arab Emirates",2024-04-17,23:05:04,49.39,,0.43
E0249,Table Workshops Event,Reading,Workshops,"Sydney, Australia",2024-12-17,08:37:55,25.7,,0.05
E0250,Old Music Event,Play,Music,"Shanghai, China",2025-02-05,19:41:26,138.0,Jennifer Mckenzie,0.97
E0251,True Workshops Event,Exhibition,Workshops,"Los Angeles, United States",2024-07-15,00:30:36,147.06,,0.42
E0252,Cut Literature Event,Screening,Literature,"Paris, France",2024-12-06,16:10:53,66.97,,0.36
E0253,Detail Music Event,Play,Music,"Tokyo, Japan",2024-09-28,23:51:42,28.2,Joe Wise,0.69
E0254,Official Workshops Event,Seminar,Workshops,"Madrid, Spain",2024-10-28,06:45:48,41.63,,0.31
E0255,Then Art Event,Play,Art,"Paris, France",2025-02-14,11:33:14,170.41,,0.47
E0256,Late Sports Event,Seminar,Sports,"Mexico City, Mexico",2024-12-08,07:05:28,38.73,,0.57
E0257,Care Workshops Event,Reading,Workshops,"Toronto, Canada",2024-04-19,22:21:40,110.0,,0.32
E0258,Theory Tech Event,Reading,Tech,"Cape Town, South Africa",2025-02-02,07:40:16,43.27,,0.19
E0259,Population Theater Event,Reading,Theater,"Istanbul, Turkey",2025-03-01,17:08:52,174.75,,0.78
E0260,Total Tech Event,Exhibition,Tech,"Shanghai, China",2024-11-17,20:45:43,115.93,,0.65
E0261,Manager Workshops Event,Conference,Workshops,"Bangkok, Thailand",2024-08-05,19:49:59,104.48,,0.76
E0262,Group Workshops Event,Match,Workshops,"New York, United States",2024-09-11,16:52:07,65.6,,0.9
E0263,Contain Art Event,Match,Art,"Singapore, Singapore",2024-05-12,01:45:22,83.0,,0.34
E0264,Always Literature Event,Concert,Literature,"Mexico City, Mexico",2025-01-15,06:15:42,40.98,,0.57
E0265,They Art Event,Show,Art,"Los Angeles, United States",2024-10-27,05:31:19,189.93,,0.18
E0266,Environment Literature Event,Match,Literature,"Moscow, Russia",2024-09-25,17:24:43,112.89,,0.66
E0267,Action Film Event,Play,Film,"Paris, France",2024-11-19,22:34:35,136.53,,0.77
E0268,Add Film Event,Show,Film,"Shanghai, China",2025-02-19,00:22:32,169.76,,0.45
E0269,Space Workshops Event,Concert,Workshops,"Bangkok, Thailand",2024-12-30,21:21:50,24.45,,0.18
E0270,Population Workshops Event,Play,Workshops,"Toronto, Canada",2024-12-23,17:42:12,48.81,,0.59
E0271,Level Literature Event,Screening,Literature,"Tokyo, Japan",2024-05-31,16:20:18,131.37,,0.45
E0272,Yard Literature Event,Seminar,Literature,"Los Angeles, United States",2024-06-28,01:41:00,111.26,,0.67
E0273,Reality Food Event,Reading,Food,"Istanbul, Turkey",2025-01-21,23:56:09,151.41,,0.88
E0274,Reason Art Event,Tasting,Art,"Bangkok, Thailand",2024-06-26,18:18:11,134.89,,0.79
E0275,Red Theater Event,Concert,Theater,"Moscow, Russia",2024-11-10,06:25:11,174.5,,0.6
E0276,Throughout Film Event,Tasting,Film,"Bangkok, Thailand",2024-10-29,08:19:43,34.33,,0.19
E0277,Free Tech Event,Seminar,Tech,"Paris, France",2024-11-13,09:27:11,180.32,,0.89
E0278,Yourself Sports Event,Seminar,Sports,"Bangkok, Thailand",2024-07-02,21:33:14,97.88,,0.49
E0279,Year Food Event,Concert,Food,"Dubai, United Arab Emirates",2024-11-02,06:58:29,116.94,,0.24
E0280,Son Comedy Event,Exhibition,Comedy,"Paris, France",2024-04-29,06:23:28,142.88,,0.45
E0281,Pay Literature Event,Show,Literature,"Sydney, Australia",2024-10-10,19:44:36,104.44,,0.08
E0282,Social Theater Event,Reading,Theater,"London, United Kingdom",2024-11-24,13:08:00,176.18,,0.32
E0283,Century Music Event,Play,Music,"Dubai, United Arab Emirates",2024-12-12,01:12:39,65.77,Meagan Brock,0.67
E0284,Draw Theater Event,Exhibition,Theater,"Madrid, Spain",2024-08-14,04:48:32,196.83,,0.14
E0285,Sister Food Event,Seminar,Food,"Singapore, Singapore",2024-06-19,20:36:31,100.47,,0.36
E0286,Fish Comedy Event,Match,Comedy,"London, United Kingdom",2024-12-14,00:55:27,61.19,,0.28
E0287,Which Comedy Event,Play,Comedy,"Mexico City, Mexico",2024-07-27,17:50:30,145.42,,0.11
E0288,Through Music Event,Concert,Music,"Paris, France",2024-04-21,12:58:27,164.71,Raymond Davis,0.4
E0289,Start Film Event,Reading,Film,"Istanbul, Turkey",2024-11-28,07:12:16,136.14,,0.73
E0290,Describe Theater Event,Match,Theater,"Moscow, Russia",2024-08-23,14:45:37,167.8,,0.12
E0291,Include Art Event,Concert,Art,"Tokyo, Japan",2024-12-24,01:31:27,187.26,,0.4
E0292,Perhaps Theater Event,Match,Theater,"São Paulo, Brazil",2024-12-29,06:03:28,110.47,,0.05
E0293,Perform Music Event,Conference,Music,"New York, United States",2024-09-01,11:25:22,44.96,Carl Vargas,0.38
E0294,Blue Food Event,Play,Food,"Bangkok, Thailand",2025-01-21,21:19:01,128.03,,0.98
E0295,Put Film Event,Seminar,Film,"Seoul, South Korea",2024-12-24,20:06:08,33.66,,0.67
E0296,Year Film Event,Concert,Film,"Cape Town, South Africa",2024-05-08,08:05:48,169.0,,0.7
E0297,Fast Literature Event,Concert,Literature,"Mumbai, India",2024-10-31,11:16:10,195.33,,0.88
E0298,Finally Comedy Event,Reading,Comedy,"Paris, France",2025-01-30,06:34:37,137.34,,0.09
E0299,Most Music Event,Seminar,Music,"Madrid, Spain",2024-11-21,00:18:17,190.39,Craig Stone,0.26
E0300,Individual Sports Event,Reading,Sports,"London, United Kingdom",2024-04-20,18:34:28,107.19,,0.86
E0301,Training Workshops Event,Reading,Workshops,"Cape Town, South Africa",2024-10-07,14:55:08,169.01,,0.94
E0302,Dinner Art Event,Seminar,Art,"Shanghai, China",2024-06-30,22:12:08,158.1,,0.42
E0303,Thought Music Event,Play,Music,"Mumbai, India",2024-08-25,01:24:20,47.16,Kevin Knapp,0.85
E0304,Quality Art Event,Screening,Art,"Paris, France",2024-05-06,20:10:40,164.01,,0.38
E0305,Act Tech Event,Conference,Tech,"Shanghai, China",2024-07-20,15:32:40,104.29,,0.21
E0306,Consider Film Event,Play,Film,"Madrid, Spain",2024-06-09,18:14:15,107.54,,0.91
E0307,Administration Art Event,Tasting,Art,"Berlin, Germany",2025-01-02,18:28:22,39.01,,0.16
E0308,Throughout Music Event,Exhibition,Music,"Mumbai, India",2024-04-08,15:44:52,95.69,Monica Scott,0.22
E0309,Site Tech Event,Seminar,Tech,"London, United Kingdom",2024-11-14,10:56:38,147.95,,0.38
E0310,Girl Theater Event,Concert,Theater,"Paris, France",2024-07-13,11:41:23,191.46,,0.93
E0311,Number Literature Event,Show,Literature,"Mumbai, India",2024-10-08,04:02:37,127.08,,0.99
E0312,Consumer Literature Event,Match,Literature,"Los Angeles, United States",2025-02-14,00:44:22,34.12,,0.58
E0313,Dream Food Event,Reading,Food,"Cape Town, South Africa",2024-09-01,13:02:00,33.78,,0.27
E0314,Environmental Music Event,Seminar,Music,"Paris, France",2024-05-14,19:00:15,65.89,Hayley Hernandez,0.86
E0315,Perhaps Comedy Event,Concert,Comedy,"Madrid, Spain",2024-10-15,15:08:50,85.69,,0.09
E0316,Per Art Event,Reading,Art,"Tokyo, Japan",2024-12-29,18:17:27,96.44,,0.6
E0317,Stage Food Event,Show,Food,"Madrid, Spain",2025-02-12,04:46:00,93.98,,0.76
E0318,Wonder Literature Event,Show,Literature,"New York, United States",2024-07-07,04:42:38,21.85,,0.08
E0319,Nearly Comedy Event,Concert,Comedy,"Mexico City, Mexico",2025-01-11,10:07:16,151.77,,0.94
E0320,Series Comedy Event,Screening,Comedy,"Istanbul, Turkey",2025-03-06,01:11:23,37.62,,0.45
E0321,Side Workshops Event,Screening,Workshops,"New York, United States",2024-07-08,23:44:03,95.63,,0.28
E0322,Others Art Event,Exhibition,Art,"Madrid, Spain",2024-10-22,19:06:28,75.78,,0.83
E0323,Product Art Event,Concert,Art,"London, United Kingdom",2024-12-10,23:14:39,66.17,,0.8
E0324,Might Tech Event,Exhibition,Tech,"Istanbul, Turkey",2024-10-13,22:06:11,173.95,,0.15
E0325,Skin Art Event,Reading,Art,"New York, United States",2024-11-04,03:05:25,138.43,,0.91
E0326,Sea Art Event,Seminar,Art,"Seoul, South Korea",2024-12-09,13:36:18,155.64,,0.24
E0327,Example Theater Event,Conference,Theater,"London, United Kingdom",2024-08-18,19:53:04,57.22,,0.51
E0328,Everybody Film Event,Seminar,Film,"Dubai, United Arab Emirates",2024-12-02,23:13:37,132.97,,0.68
E0329,Front Art Event,Tasting,Art,"Moscow, Russia",2024-11-21,02:36:50,183.54,,0.2
E0330,Live Art Event,Concert,Art,"London, United Kingdom",2024-12-08,04:25:44,36.54,,0.74
E0331,Management Art Event,Play,Art,"Moscow, Russia",2024-11-25,22:03:10,136.72,,0.18
E0332,Trial Art Event,Conference,Art,"Madrid, Spain",2024-11-02,11:21:35,44.92,,0.77
E0333,Song Food Event,Conference,Food,"Shanghai, China",2024-07-23,02:35:18,29.66,,0.55
E0334,Detail Food Event,Reading,Food,"Singapore, Singapore",2024-11-27,10:13:34,92.82,,0.98
E0335,Finish Music Event,Seminar,Music,"Istanbul, Turkey",2024-06-20,21:14:16,59.51,Laura Johnson,0.1
E0336,Continue Comedy Event,Screening,Comedy,"Shanghai, China",2024-07-04,12:22:34,92.81,,0.52
E0337,Person Theater Event,Tasting,Theater,"Singapore, Singapore",2024-06-16,10:14:21,71.0,,0.57
E0338,Ever Art Event,Reading,Art,"Bangkok, Thailand",2025-01-20,06:12:23,70.61,,0.4
E0339,Make Sports Event,Play,Sports,"Dubai, United Arab Emirates",2025-03-10,04:04:06,80.37,,0.22
E0340,Than Film Event,Reading,Film,"São Paulo, Brazil",2024-05-26,00:32:53,11.34,,0.19
E0341,So Theater Event,Screening,Theater,"London, United Kingdom",2024-07-26,00:17:40,89.75,,0.33
E0342,Population Literature Event,Play,Literature,"Madrid, Spain",2024-11-02,07:03:23,169.08,,0.06
E0343,Defense Music Event,Play,Music,"Singapore, Singapore",2024-08-10,07:52:25,132.34,Nicole Oconnell,0.7
E0344,Kitchen Comedy Event,Screening,Comedy,"Moscow, Russia",2025-02-17,17:57:45,98.39,,0.2
E0345,Cost Comedy Event,Concert,Comedy,"Madrid, Spain",2024-04-26,02:20:26,119.4,,0.54
E0346,Network Theater Event,Exhibition,Theater,"São Paulo, Brazil",2024-04-02,11:10:41,177.31,,0.86
E0347,Feeling Sports Event,Match,Sports,"Dubai, United Arab Emirates",2024-08-19,00:29:13,158.1,,0.67
E0348,Hand Sports Event,Screening,Sports,"Dubai, United Arab Emirates",2025-03-12,03:07:47,25.04,,0.73
E0349,Class Sports Event,Reading,Sports,"London, United Kingdom",2024-03-23,16:44:53,160.59,,0.75
E0350,Word Sports Event,Screening,Sports,"New York, United States",2024-05-09,04:05:08,85.01,,0.15
E0351,Everything Sports Event,Seminar,Sports,"Tokyo, Japan",2025-03-07,21:22:19,21.77,,0.6
E0352,Tend Film Event,Play,Film,"Singapore, Singapore",2024-09-06,00:31:06,101.02,,0.06
E0353,Owner Film Event,Seminar,Film,"Paris, France",2024-07-24,03:17:42,129.54,,0.3
E0354,Positive Music Event,Reading,Music,"Toronto, Canada",2024-07-13,09:58:46,112.2,Jacqueline Riggs MD,0.95
E0355,Claim Literature Event,Exhibition,Literature,"Madrid, Spain",2024-06-28,08:17:19,140.04,,0.71
E0356,Recently Sports Event,Concert,Sports,"London, United Kingdom",2025-03-03,11:33:26,89.21,,0.59
E0357,Write Literature Event,Play,Literature,"Paris, France",2024-10-29,20:30:12,89.09,,0.46
E0358,Once Sports Event,Show,Sports,"Shanghai, China",2024-11-26,01:47:20,23.7,,0.75
E0359,Theory Literature Event,Seminar,Literature,"Mumbai, India",2024-06-08,21:48:02,164.78,,0.32
E0360,Of Workshops Event,Show,Workshops,"Bangkok, Thailand",2024-11-09,17:58:03,140.33,,0.85
E0361,Condition Film Event,Exhibition,Film,"Cape Town, South Africa",2025-02-18,18:17:27,98.5,,0.81
E0362,Throughout Comedy Event,Match,Comedy,"Tokyo, Japan",2024-09-27,12:23:18,195.85,,0.04
E0363,Window Art Event,Exhibition,Art,"Mumbai, India",2025-01-10,15:39:13,112.51,,0.5
E0364,Source Food Event,Tasting,Food,"São Paulo, Brazil",2024-04-08,05:01:00,174.92,,0.38
E0365,Nearly Film Event,Conference,Film,"Madrid, Spain",2024-06-21,10:57:53,126.38,,0.89
E0366,Force Theater Event,Reading,Theater,"Cape Town, South Africa",2024-10-11,15:13:08,121.02,,0.4
E0367,Take Theater Event,Seminar,Theater,"New York, United States",2024-08-11,06:27:39,163.55,,0.5
E0368,Find Music Event,Play,Music,"Paris, France",2024-12-22,03:25:36,71.9,Anthony Mills,0.72
E0369,Less Theater Event,Concert,Theater,"Dubai, United Arab Emirates",2024-06-25,06:28:53,36.53,,0.92
E0370,However Sports Event,Play,Sports,"London, United Kingdom",2024-12-28,13:57:29,60.28,,0.84
E0371,Light Sports Event,Reading,Sports,"Mumbai, India",2024-10-03,20:35:00,142.13,,0.79
E0372,Player Art Event,Screening,Art,"Toronto, Canada",2024-11-29,08:01:42,82.43,,0.12
E0373,Our Tech Event,Exhibition,Tech,"Istanbul, Turkey",2024-04-18,07:59:29,64.06,,0.95
E0374,Officer Theater Event,Play,Theater,"Istanbul, Turkey",2025-03-15,00:30:58,71.13,,0.8
E0375,Miss Workshops Event,Tasting,Workshops,"Toronto, Canada",2025-01-18,11:14:25,21.24,,0.33
E0376,Program Sports Event,Match,Sports,"Mumbai, India",2024-11-22,04:25:10,68.77,,0.75
E0377,Available Art Event,Show,Art,"Los Angeles, United States",2024-09-30,06:31:42,19.68,,0.59
E0378,Marriage Theater Event,Tasting,Theater,"Mumbai, India",2024-05-25,18:36:17,159.6,,0.65
E0379,These Art Event,Screening,Art,"Toronto, Canada",2025-02-25,05:07:58,113.3,,0.95
E0380,Dark Art Event,Play,Art,"New York, United States",2024-03-24,12:05:56,83.94,,0.53
E0381,Card Film Event,Reading,Film,"Istanbul, Turkey",2024-05-30,02:20:42,141.4,,0.38
E0382,Back Tech Event,Seminar,Tech,"Seoul, South Korea",2025-03-06,06:05:22,129.44,,0.43
E0383,Watch Tech Event,Reading,Tech,"Toronto, Canada",2024-08-08,20:22:28,49.8,,0.34
E0384,Guy Film Event,Reading,Film,"New York, United States",2024-12-31,14:47:05,122.26,,0.21
E0385,Figure Comedy Event,Play,Comedy,"Madrid, Spain",2024-12-27,06:40:19,48.12,,0.05
E0386,Material Theater Event,Exhibition,Theater,"Mumbai, India",2024-05-07,04:46:08,106.98,,0.89
E0387,Fire Sports Event,Match,Sports,"New York, United States",2024-09-29,08:58:52,90.2,,0.69
E0388,Appear Music Event,Show,Music,"Toronto, Canada",2025-02-26,05:22:57,75.87,Charles Jacobs,0.92
E0389,Threat Comedy Event,Show,Comedy,"Mumbai, India",2024-04-27,16:22:41,62.09,,0.99
E0390,Likely Film Event,Seminar,Film,"São Paulo, Brazil",2024-12-09,04:57:34,33.53,,0.26
E0391,Seven Comedy Event,Exhibition,Comedy,"São Paulo, Brazil",2025-02-10,22:52:04,111.08,,0.58
E0392,Reach Art Event,Reading,Art,"Paris, France",2024-08-09,09:58:36,188.66,,0.18
E0393,Remain Tech Event,Reading,Tech,"Seoul, South Korea",2024-10-24,23:35:02,57.89,,0.45
E0394,Five Art Event,Concert,Art,"Shanghai, China",2024-04-18,15:10:14,172.19,,0.64
E0395,Present Music Event,Reading,Music,"Cape Town, South Africa",2024-06-21,09:08:41,73.38,Yvonne Holt,0.68
E0396,Set Tech Event,Screening,Tech,"Istanbul, Turkey",2025-02-02,23:27:06,161.62,,0.45
E0397,Fire Workshops Event,Conference,Workshops,"Toronto, Canada",2024-11-19,09:56:48,142.72,,0.21
E0398,Term Literature Event,Match,Literature,"Moscow, Russia",2025-03-11,18:01:33,186.61,,0.74
E0399,Man Food Event,Screening,Food,"Madrid, Spain",2024-05-05,03:30:20,135.76,,0.88
E0400,Sign Art Event,Concert,Art,"Madrid, Spain",2024-04-16,11:06:18,176.03,,0.86
E0401,Happy Art Event,Seminar,Art,"Shanghai, China",2024-09-28,16:54:32,57.14,,0.49
E0402,Pass Theater Event,Screening,Theater,"Moscow, Russia",2025-02-15,09:25:45,89.88,,0.51
E0403,Amount Theater Event,Play,Theater,"Seoul, South Korea",2025-01-20,02:17:47,117.89,,0.67
E0404,Color Comedy Event,Show,Comedy,"Los Angeles, United States",2025-02-08,22:45:33,53.49,,0.01
E0405,Production Theater Event,Exhibition,Theater,"Toronto, Canada",2024-05-23,07:39:17,18.84,,0.38
E0406,Later Food Event,Match,Food,"London, United Kingdom",2024-10-01,22:41:47,190.59,,0.12
E0407,Student Art Event,Exhibition,Art,"Singapore, Singapore",2024-05-09,00:05:25,163.78,,0.51
E0408,Nearly Film Event,Show,Film,"Shanghai, China",2024-07-15,15:53:08,198.29,,0.61
E0409,Ever Film Event,Match,Film,"Mexico City, Mexico",2025-03-17,22:58:09,198.67,,0.31
E0410,These Tech Event,Seminar,Tech,"São Paulo, Brazil",2024-08-27,02:47:36,116.45,,0.31
E0411,Smile Music Event,Show,Music,"Madrid, Spain",2024-11-30,04:31:36,13.79,Gary Woodard,0.1
E0412,Bag Food Event,Reading,Food,"Seoul, South Korea",2025-03-05,16:49:36,116.6,,0.03
E0413,Record Music Event,Seminar,Music,"São Paulo, Brazil",2024-09-10,10:54:57,193.83,Jacqueline Valencia,0.92
E0414,Speech Workshops Event,Tasting,Workshops,"São Paulo, Brazil",2024-04-28,04:24:15,30.33,,0.22
E0415,Everyone Music Event,Play,Music,"Mexico City, Mexico",2024-05-01,22:28:40,190.15,Bryan Townsend,0.44
E0416,Character Art Event,Concert,Art,"Seoul, South Korea",2024-07-07,10:33:31,63.68,,0.24
E0417,Nice Theater Event,Concert,Theater,"Seoul, South Korea",2024-10-24,06:57:22,125.76,,0.56
E0418,Recently Tech Event,Tasting,Tech,"Bangkok, Thailand",2025-01-12,02:34:18,177.7,,0.16
E0419,College Sports Event,Concert,Sports,"Istanbul, Turkey",2024-08-18,15:47:38,164.74,,0.86
E0420,Might Food Event,Play,Food,"Tokyo, Japan",2024-04-13,07:36:11,128.04,,0.78
E0421,Trade Comedy Event,Reading,Comedy,"Berlin, Germany",2024-08-26,01:22:14,151.23,,0.37
E0422,Single Theater Event,Exhibition,Theater,"New York, United States",2024-10-27,20:40:35,116.94,,0.1
E0423,Training Tech Event,Seminar,Tech,"Bangkok, Thailand",2024-05-28,03:15:15,15.31,,0.66
E0424,Everyone Comedy Event,Match,Comedy,"Cape Town, South Africa",2024-08-19,12:00:44,29.06,,0.64
E0425,Population Workshops Event,Play,Workshops,"New York, United States",2025-03-04,06:21:17,129.26,,0.51
E0426,Early Comedy Event,Conference,Comedy,"Berlin, Germany",2024-05-13,16:52:51,176.44,,0.75
E0427,Arm Sports Event,Play,Sports,"Dubai, United Arab Emirates",2024-06-16,14:54:16,156.34,,0.06
E0428,Though Sports Event,Seminar,Sports,"Los Angeles, United States",2024-09-02,04:12:11,58.84,,0.56
E0429,Or Film Event,Tasting,Film,"New York, United States",2025-01-08,21:56:05,94.71,,0.52
E0430,Way Music Event,Tasting,Music,"New York, United States",2025-01-14,02:48:31,15.62,Angela Butler,0.68
E0431,Wall Sports Event,Exhibition,Sports,"Dubai, United Arab Emirates",2024-11-17,21:16:30,114.02,,0.92
E0432,Writer Music Event,Conference,Music,"Tokyo, Japan",2025-02-18,12:19:18,93.89,Eric Blair,0.57
E0433,Rule Workshops Event,Conference,Workshops,"Toronto, Canada",2024-06-17,00:03:27,36.15,,0.66
E0434,Down Theater Event,Seminar,Theater,"Bangkok, Thailand",2024-07-14,09:05:24,73.12,,0.89
E0435,Seek Workshops Event,Play,Workshops,"Paris, France",2024-05-08,03:18:45,193.1,,0.96
E0436,Fly Workshops Event,Match,Workshops,"Mumbai, India",2024-09-22,07:33:06,156.1,,0.99
E0437,Young Comedy Event,Tasting,Comedy,"Seoul, South Korea",2025-01-01,08:48:32,123.51,,0.15
E0438,Time Music Event,Exhibition,Music,"Bangkok, Thailand",2024-11-29,13:33:01,35.84,Joshua Neal,0.3
E0439,Above Theater Event,Seminar,Theater,"Tokyo, Japan",2024-03-23,07:09:48,181.24,,0.61
E0440,Cost Film Event,Play,Film,"Sydney, Australia",2025-01-21,19:27:47,42.77,,0.82
E0441,Event Food Event,Show,Food,"Shanghai, China",2024-04-08,02:25:54,85.34,,0.14
E0442,Data Sports Event,Reading,Sports,"Singapore, Singapore",2024-08-21,20:28:18,64.12,,0.85
E0443,Production Workshops Event,Concert,Workshops,"Moscow, Russia",2024-05-20,00:15:10,134.26,,0.76
E0444,Choose Film Event,Tasting,Film,"Los Angeles, United States",2024-05-29,10:01:25,122.23,,0.02
E0445,Fund Music Event,Show,Music,"Los Angeles, United States",2024-06-01,03:01:39,141.89,Theresa Keller,0.94
E0446,Performance Comedy Event,Conference,Comedy,"Tokyo, Japan",2024-09-02,06:12:52,107.6,,0.3
E0447,Plant Tech Event,Screening,Tech,"New York, United States",2025-01-24,21:51:00,14.98,,0.53
E0448,Run Sports Event,Exhibition,Sports,"Mumbai, India",2025-02-22,08:56:01,28.73,,0.85
E0449,Some Literature Event,Seminar,Literature,"Istanbul, Turkey",2024-04-21,08:52:29,24.74,,0.35
E0450,Huge Literature Event,Exhibition,Literature,"Sydney, Australia",2024-05-26,23:34:02,49.77,,0.12
E0451,Book Literature Event,Seminar,Literature,"Istanbul, Turkey",2024-05-09,21:20:58,118.16,,0.64
E0452,Prove Comedy Event,Match,Comedy,"Mumbai, India",2024-08-17,05:32:06,42.94,,0.02
E0453,Small Workshops Event,Tasting,Workshops,"Paris, France",2024-10-06,15:39:51,27.29,,0.75
E0454,Join Sports Event,Concert,Sports,"Seoul, South Korea",2025-02-24,01:05:51,119.48,,0.41
E0455,Life Food Event,Play,Food,"Berlin, Germany",2024-06-29,18:46:34,41.22,,0.06
E0456,Add Theater Event,Seminar,Theater,"São Paulo, Brazil",2024-07-06,04:34:17,65.04,,0.04
E0457,Instead Literature Event,Concert,Literature,"Moscow, Russia",2024-10-13,18:48:19,173.35,,0.8
E0458,Group Literature Event,Reading,Literature,"Mexico City, Mexico",2024-05-03,04:16:43,100.28,,0.29
E0459,See Food Event,Conference,Food,"Singapore, Singapore",2024-07-13,21:00:23,142.74,,0.6
E0460,True Tech Event,Play,Tech,"Tokyo, Japan",2024-10-13,22:06:18,193.6,,0.29
E0461,Instead Music Event,Show,Music,"Mumbai, India",2024-03-30,03:08:17,64.36,Megan Welch,0.52
E0462,Sister Sports Event,Match,Sports,"Moscow, Russia",2024-12-01,22:17:27,14.63,,0.19
E0463,Address Theater Event,Play,Theater,"Bangkok, Thailand",2025-02-18,15:00:26,195.42,,0.55
E0464,Write Literature Event,Show,Literature,"Los Angeles, United States",2024-11-06,00:54:14,145.68,,0.37
E0465,Town Theater Event,Seminar,Theater,"Bangkok, Thailand",2024-09-05,07:39:02,14.45,,0.3
E0466,Throughout Sports Event,Match,Sports,"Toronto, Canada",2024-09-21,09:19:13,94.73,,0.11
E0467,Tree Theater Event,Exhibition,Theater,"Mexico City, Mexico",2024-12-24,07:10:34,39.98,,0.92
E0468,Control Film Event,Exhibition,Film,"Istanbul, Turkey",2024-11-06,10:52:22,38.19,,0.99
E0469,Maybe Literature Event,Exhibition,Literature,"Madrid, Spain",2025-03-08,00:58:36,79.3,,0.43
E0470,Help Film Event,Screening,Film,"Berlin, Germany",2024-07-13,04:22:28,165.37,,0.8
E0471,Left Comedy Event,Show,Comedy,"Bangkok, Thailand",2025-03-01,03:17:09,10.15,,0.32
E0472,Standard Music Event,Match,Music,"Berlin, Germany",2024-12-27,22:07:16,126.54,Nathan Ortiz,0.34
E0473,Father Comedy Event,Exhibition,Comedy,"New York, United States",2024-12-03,19:06:39,191.25,,0.77
E0474,Miss Theater Event,Reading,Theater,"London, United Kingdom",2024-12-12,00:31:26,106.52,,0.74
E0475,Special Tech Event,Exhibition,Tech,"Moscow, Russia",2024-11-18,10:06:47,106.89,,0.84
E0476,Trade Sports Event,Tasting,Sports,"Istanbul, Turkey",2025-02-26,16:54:03,179.38,,0.23
E0477,Next Art Event,Show,Art,"Dubai, United Arab Emirates",2024-05-23,17:11:13,142.81,,0.69
E0478,National Tech Event,Tasting,Tech,"Mexico City, Mexico",2024-11-29,20:00:22,126.3,,0.42
E0479,Whether Music Event,Tasting,Music,"London, United Kingdom",2025-01-29,01:28:41,142.92,Rebecca Burton,0.44
E0480,Quickly Workshops Event,Conference,Workshops,"Toronto, Canada",2024-10-27,15:43:25,136.38,,0.79
E0481,Whole Art Event,Screening,Art,"Tokyo, Japan",2024-12-03,15:49:27,136.11,,0.94
E0482,Next Art Event,Show,Art,"Tokyo, Japan",2024-11-28,01:06:32,178.67,,0.61
E0483,Now Film Event,Screening,Film,"Madrid, Spain",2024-09-09,07:03:58,92.67,,0.09
E0484,Community Music Event,Conference,Music,"Moscow, Russia",2024-08-27,19:36:34,190.63,Joseph Fowler,0.92
E0485,True Food Event,Reading,Food,"Cape Town, South Africa",2025-03-20,13:08:10,146.08,,0.51
E0486,Country Sports Event,Play,Sports,"Madrid, Spain",2024-09-12,22:25:58,39.8,,0.54
E0487,Discuss Theater Event,Play,Theater,"São Paulo, Brazil",2024-07-25,23:19:00,178.07,,0.78
E0488,Throughout Tech Event,Match,Tech,"Paris, France",2024-08-15,20:58:38,11.76,,0.56
E0489,Law Tech Event,Match,Tech,"Istanbul, Turkey",2025-03-08,17:16:40,189.61,,0.58
E0490,Another Food Event,Conference,Food,"Dubai, United Arab Emirates",2024-04-15,16:31:33,43.17,,0.67
E0491,Admit Comedy Event,Seminar,Comedy,"Bangkok, Thailand",2024-05-16,01:59:49,86.92,,0.68
E0492,Growth Art Event,Tasting,Art,"Mexico City, Mexico",2024-10-31,00:42:04,33.88,,0.32
E0493,Nation Film Event,Play,Film,"Toronto, Canada",2024-09-02,17:19:14,98.79,,0.67
E0494,Own Sports Event,Conference,Sports,"Toronto, Canada",2025-03-11,09:29:18,198.51,,0.29
E0495,Happen Music Event,Concert,Music,"Los Angeles, United States",2024-09-12,00:53:18,171.68,Sarah Rivera,0.68
E0496,Himself Film Event,Seminar,Film,"Singapore, Singapore",2024-04-20,14:28:54,40.25,,0.67
E0497,Card Music Event,Reading,Music,"Toronto, Canada",2024-11-05,22:16:06,183.14,Edwin Jordan,0.72
E0498,Before Literature Event,Exhibition,Literature,"Singapore, Singapore",2024-06-07,05:04:48,19.3,,0.35
E0499,Between Sports Event,Match,Sports,"London, United Kingdom",2024-08-30,12:07:36,127.86,,0.84
E0500,Professional Theater Event,Concert,Theater,"Shanghai, China",2024-07-09,22:58:09,158.65,,0.71
E0501,Computer Sports Event,Match,Sports,"Istanbul, Turkey",2025-07-26,19:09:19,196.48,,0.14
E0502,Bed Art Event,Conference,Art,"Dubai, United Arab Emirates",2025-11-19,14:35:06,173.09,,0.56
E0503,Reality Literature Event,Concert,Literature,"Istanbul, Turkey",2025-06-20,21:03:16,23.81,,0.6
E0504,Hit Workshops Event,Screening,Workshops,"London, United Kingdom",2026-03-09,05:52:47,34.83,,0.05
E0505,Send Comedy Event,Match,Comedy,"Singapore, Singapore",2025-06-29,13:43:55,103.19,,0.16
E0506,Choice Tech Event,Screening,Tech,"Sydney, Australia",2025-07-25,05:29:52,21.47,,0.24
E0507,One Literature Event,Concert,Literature,"Tokyo, Japan",2025-08-04,18:06:55,23.66,,0.61
E0508,Set Comedy Event,Tasting,Comedy,"Sydney, Australia",2025-04-10,12:51:22,189.45,,0.62
E0509,Crime Film Event,Tasting,Film,"Cape Town, South Africa",2025-06-02,19:39:51,52.89,,0.86
E0510,Police Literature Event,Tasting,Literature,"Singapore, Singapore",2025-07-13,05:20:09,144.04,,0.63
E0511,Within Workshops Event,Show,Workshops,"Singapore, Singapore",2025-05-05,15:32:42,179.68,,0.23
E0512,Person Tech Event,Conference,Tech,"New York, United States",2026-01-01,04:29:04,136.3,,0.69
E0513,Prepare Food Event,Play,Food,"London, United Kingdom",2025-10-30,22:13:41,48.04,,0.79
E0514,How Art Event,Exhibition,Art,"Mumbai, India",2026-01-07,13:45:30,185.44,,0.43
E0515,White Workshops Event,Play,Workshops,"London, United Kingdom",2025-12-15,22:27:07,68.52,,0.2
E0516,Through Literature Event,Tasting,Literature,"Paris, France",2025-07-31,11:52:42,195.42,,0.17
E0517,Draw Workshops Event,Tasting,Workshops,"Moscow, Russia",2025-08-20,18:31:51,80.47,,0.31
E0518,Leader Art Event,Tasting,Art,"New York, United States",2026-02-19,20:33:37,15.45,,0.24
E0519,Building Literature Event,Show,Literature,"Tokyo, Japan",2025-09-25,07:29:01,119.36,,0.81
E0520,Health Film Event,Show,Film,"New York, United States",2025-09-06,22:31:31,185.19,,0.94
E0521,Music Art Event,Show,Art,"Mumbai, India",2025-03-27,20:50:46,29.36,,0.35
E0522,Report Comedy Event,Screening,Comedy,"Berlin, Germany",2026-01-16,04:34:08,124.09,,0.06
E0523,Special Theater Event,Tasting,Theater,"Mexico City, Mexico",2025-05-02,01:22:34,112.08,,0.69
E0524,Year Tech Event,Exhibition,Tech,"Istanbul, Turkey",2025-10-24,11:24:19,47.03,,0.32
E0525,Quite Art Event,Screening,Art,"Madrid, Spain",2025-10-12,01:34:51,184.18,,0.6
E0526,Effect Music Event,Match,Music,"Shanghai, China",2026-02-19,08:04:52,106.42,Madison Cervantes,0.63
E0527,Fire Theater Event,Conference,Theater,"Moscow, Russia",2025-10-12,10:08:02,14.57,,0.15
E0528,Have Literature Event,Tasting,Literature,"Toronto, Canada",2025-09-17,16:46:24,80.24,,0.27
E0529,Example Film Event,Show,Film,"Seoul, South Korea",2025-04-21,08:08:32,126.91,,0.4
E0530,Art Art Event,Show,Art,"Mexico City, Mexico",2025-05-17,09:02:28,77.99,,0.35
E0531,Against Theater Event,Play,Theater,"Shanghai, China",2025-08-23,15:35:22,165.64,,0.79
E0532,Floor Sports Event,Reading,Sports,"Berlin, Germany",2026-02-19,02:59:12,87.39,,0.51
E0533,Position Food Event,Show,Food,"Moscow, Russia",2025-07-11,08:16:01,107.39,,0.56
E0534,Fine Theater Event,Conference,Theater,"Berlin, Germany",2025-07-04,11:45:48,30.19,,0.3
E0535,Course Tech Event,Tasting,Tech,"Paris, France",2025-04-01,12:34:58,125.14,,0.64
E0536,Sort Workshops Event,Reading,Workshops,"Singapore, Singapore",2025-12-17,14:53:45,17.86,,0.02
E0537,Floor Theater Event,Play,Theater,"Dubai, United Arab Emirates",2025-12-15,02:17:42,183.64,,0.06
E0538,Last Literature Event,Seminar,Literature,"Mexico City, Mexico",2026-02-12,21:49:35,171.37,,0.87
E0539,Sign Sports Event,Reading,Sports,"Tokyo, Japan",2025-09-06,16:41:48,130.66,,0.93
E0540,So Comedy Event,Screening,Comedy,"Istanbul, Turkey",2025-06-21,22:43:56,39.41,,0.77
E0541,Million Food Event,Play,Food,"Istanbul, Turkey",2025-12-01,17:47:47,115.22,,0.32
E0542,Possible Sports Event,Exhibition,Sports,"Mumbai, India",2026-03-18,21:10:25,74.01,,0.56
E0543,Situation Workshops Event,Show,Workshops,"Los Angeles, United States",2025-07-08,13:06:59,196.41,,0.47
E0544,Customer Tech Event,Play,Tech,"Los Angeles, United States",2026-03-14,02:54:41,36.42,,0.47
E0545,Available Film Event,Concert,Film,"Los Angeles, United States",2025-10-17,08:28:54,199.65,,0.19
E0546,Strategy Literature Event,Exhibition,Literature,"Seoul, South Korea",2026-03-14,04:45:59,196.22,,0.77
E0547,Great Music Event,Reading,Music,"London, United Kingdom",2025-11-13,05:27:11,146.67,Douglas Carter,0.09
E0548,Fast Theater Event,Tasting,Theater,"Los Angeles, United States",2025-05-11,14:28:53,14.48,,0.36
E0549,Only Music Event,Tasting,Music,"Bangkok, Thailand",2025-04-12,04:04:02,179.97,Caitlin Johnson,0.52
E0550,Product Theater Event,Screening,Theater,"São Paulo, Brazil",2025-05-04,22:18:55,154.63,,0.24
E0551,Consider Comedy Event,Conference,Comedy,"Madrid, Spain",2025-10-12,13:23:11,32.57,,0.96
E0552,Pay Tech Event,Seminar,Tech,"São Paulo, Brazil",2025-12-16,15:00:15,129.08,,0.95
E0553,Audience Food Event,Screening,Food,"Moscow, Russia",2025-12-07,06:45:35,96.66,,0.31
E0554,Central Film Event,Match,Film,"Madrid, Spain",2025-03-30,13:41:45,86.1,,0.43
E0555,Life Literature Event,Seminar,Literature,"São Paulo, Brazil",2026-02-16,15:53:33,169.34,,0.77
E0556,Involve Art Event,Seminar,Art,"Moscow, Russia",2025-09-17,03:03:01,64.88,,0.92
E0557,Oil Tech Event,Screening,Tech,"Toronto, Canada",2025-03-28,17:42:02,27.11,,0.43
E0558,Others Literature Event,Seminar,Literature,"Istanbul, Turkey",2025-06-06,12:16:37,63.62,,0.75
E0559,View Art Event,Tasting,Art,"Dubai, United Arab Emirates",2025-07-15,07:25:33,76.7,,0.73
E0560,Senior Theater Event,Conference,Theater,"London, United Kingdom",2025-07-27,17:01:13,128.83,,0.05
E0561,Technology Literature Event,Seminar,Literature,"Shanghai, China",2025-06-14,17:15:00,57.48,,0.12
E0562,Along Food Event,Tasting,Food,"Mumbai, India",2025-06-03,00:02:14,64.23,,0.76
E0563,Truth Tech Event,Show,Tech,"Dubai, United Arab Emirates",2025-08-19,18:17:59,30.52,,0.73
E0564,It Food Event,Tasting,Food,"Mumbai, India",2025-04-30,22:56:43,130.46,,0.09
E0565,Test Film Event,Seminar,Film,"Sydney, Australia",2025-09-14,03:34:22,43.62,,0.0
E0566,Many Art Event,Show,Art,"Los Angeles, United States",2025-05-22,22:13:06,101.88,,0.18
E0567,Idea Tech Event,Conference,Tech,"Singapore, Singapore",2026-02-01,07:14:38,140.89,,0.51
E0568,Half Comedy Event,Tasting,Comedy,"Bangkok, Thailand",2025-03-29,23:22:27,162.38,,0.06
E0569,Hotel Food Event,Screening,Food,"Moscow, Russia",2025-08-20,00:45:41,127.03,,0.61
E0570,Adult Food Event,Play,Food,"Singapore, Singapore",2026-02-12,03:17:45,130.62,,0.05
E0571,Meeting Food Event,Exhibition,Food,"Dubai, United Arab Emirates",2025-10-28,14:38:36,118.11,,0.42
E0572,Test Theater Event,Exhibition,Theater,"Seoul, South Korea",2025-11-12,04:24:34,19.28,,0.32
E0573,Experience Comedy Event,Show,Comedy,"Shanghai, China",2026-03-10,00:15:08,72.49,,0.05
E0574,Manager Film Event,Concert,Film,"Madrid, Spain",2026-03-17,04:21:01,172.66,,0.32
E0575,Leg Comedy Event,Seminar,Comedy,"Singapore, Singapore",2026-01-04,00:25:26,107.61,,0.21
E0576,Camera Tech Event,Screening,Tech,"New York, United States",2025-09-09,05:52:05,71.02,,1.0
E0577,Visit Food Event,Tasting,Food,"Sydney, Australia",2026-01-25,03:50:26,165.66,,0.54
E0578,Million Music Event,Tasting,Music,"Sydney, Australia",2025-07-08,14:00:29,50.08,Miranda Sanford,0.74
E0579,Deep Comedy Event,Conference,Comedy,"Los Angeles, United States",2025-07-01,17:47:30,142.61,,0.02
E0580,Require Literature Event,Tasting,Literature,"Dubai, United Arab Emirates",2025-07-18,13:09:21,163.36,,0.43
E0581,Nation Tech Event,Seminar,Tech,"Bangkok, Thailand",2026-03-13,05:32:18,93.22,,0.45
E0582,East Tech Event,Reading,Tech,"London, United Kingdom",2025-04-14,09:54:49,101.4,,0.19
E0583,Statement Literature Event,Match,Literature,"Cape Town, South Africa",2025-08-05,18:53:12,33.08,,0.23
E0584,Health Theater Event,Concert,Theater,"Madrid, Spain",2026-03-19,02:40:58,100.98,,0.91
E0585,Computer Workshops Event,Match,Workshops,"Seoul, South Korea",2025-11-22,12:03:27,128.45,,0.77
E0586,Military Workshops Event,Reading,Workshops,"Sydney, Australia",2026-01-06,11:16:53,159.81,,0.99
E0587,Beyond Theater Event,Play,Theater,"Paris, France",2026-01-21,15:05:48,149.95,,0.87
E0588,Another Food Event,Exhibition,Food,"Paris, France",2025-08-23,05:26:15,134.33,,0.72
E0589,Specific Food Event,Show,Food,"Tokyo, Japan",2026-03-01,20:23:28,149.19,,0.59
E0590,Citizen Workshops Event,Conference,Workshops,"Moscow, Russia",2025-07-06,13:29:40,117.85,,0.33
E0591,May Workshops Event,Conference,Workshops,"Toronto, Canada",2025-05-11,13:02:46,96.45,,0.7
E0592,Consider Workshops Event,Tasting,Workshops,"Istanbul, Turkey",2025-12-22,11:59:04,94.66,,0.97
E0593,Company Literature Event,Tasting,Literature,"São Paulo, Brazil",2026-01-25,17:02:18,125.35,,0.34
E0594,Agent Art Event,Concert,Art,"Los Angeles, United States",2025-06-18,13:06:33,198.68,,0.28
E0595,Service Film Event,Exhibition,Film,"São Paulo, Brazil",2026-02-11,02:15:42,186.92,,0.13
E0596,Size Sports Event,Show,Sports,"Los Angeles, United States",2025-11-25,04:50:13,14.1,,0.41
E0597,Able Music Event,Concert,Music,"Dubai, United Arab Emirates",2025-07-12,11:15:35,11.04,Daniel Knight,0.58
E0598,Woman Music Event,Tasting,Music,"Istanbul, Turkey",2026-02-13,02:53:50,177.69,Mary Harding,0.82
E0599,Five Sports Event,Tasting,Sports,"Tokyo, Japan",2025-12-26,09:36:52,94.92,,0.82
E0600,Since Sports Event,Play,Sports,"Berlin, Germany",2026-01-01,12:43:54,93.91,,0.61
E0601,Instead Food Event,Seminar,Food,"Cape Town, South Africa",2025-05-27,16:19:38,166.86,,0.63
E0602,Everybody Sports Event,Tasting,Sports,"Singapore, Singapore",2025-09-07,16:52:53,157.65,,0.13
E0603,Image Film Event,Exhibition,Film,"Shanghai, China",2025-06-06,06:00:10,47.64,,0.52
E0604,Resource Music Event,Conference,Music,"Mumbai, India",2025-10-03,14:53:58,107.55,Nicholas Rose,0.84
E0605,Once Sports Event,Exhibition,Sports,"Mumbai, India",2025-08-02,08:43:52,170.11,,0.42
E0606,Difference Workshops Event,Show,Workshops,"Cape Town, South Africa",2025-11-09,21:36:32,78.45,,0.8
E0607,Game Film Event,Match,Film,"Sydney, Australia",2025-04-13,05:00:49,169.65,,0.35
E0608,Face Food Event,Match,Food,"Toronto, Canada",2025-09-23,10:54:27,70.7,,0.07
E0609,Partner Sports Event,Match,Sports,"Mexico City, Mexico",2025-06-06,00:33:44,40.93,,0.77
E0610,Plant Comedy Event,Show,Comedy,"London, United Kingdom",2025-11-11,16:23:21,160.3,,0.01
E0611,Girl Comedy Event,Reading,Comedy,"Los Angeles, United States",2025-09-03,14:51:51,165.67,,0.33
E0612,Quality Food Event,Conference,Food,"Berlin, Germany",2025-04-07,16:03:08,132.86,,0.63
E0613,Stock Tech Event,Reading,Tech,"Mexico City, Mexico",2025-09-04,10:33:42,102.17,,0.68
E0614,Data Comedy Event,Match,Comedy,"Bangkok, Thailand",2025-03-25,17:04:52,143.46,,0.44
E0615,Also Comedy Event,Reading,Comedy,"Dubai, United Arab Emirates",2025-10-16,15:55:15,102.86,,0.16
E0616,Significant Comedy Event,Show,Comedy,"Istanbul, Turkey",2025-11-24,04:30:00,126.81,,0.15
E0617,Policy Comedy Event,Show,Comedy,"Toronto, Canada",2025-12-17,04:50:12,31.59,,0.27
E0618,Product Sports Event,Seminar,Sports,"Bangkok, Thailand",2026-01-17,09:22:42,78.7,,0.67
E0619,Resource Sports Event,Tasting,Sports,"Berlin, Germany",2025-12-24,04:57:13,114.95,,0.79
E0620,Policy Comedy Event,Exhibition,Comedy,"Mumbai, India",2025-11-04,12:18:13,55.02,,0.81
E0621,Type Art Event,Play,Art,"Mexico City, Mexico",2025-04-10,01:58:12,134.36,,0.82
E0622,Relate Workshops Event,Screening,Workshops,"Tokyo, Japan",2025-06-01,04:27:07,180.57,,0.73
E0623,Work Theater Event,Reading,Theater,"Cape Town, South Africa",2026-03-17,02:42:07,51.37,,0.16
E0624,Enough Art Event,Play,Art,"Tokyo, Japan",2025-04-24,02:10:10,77.9,,0.42
E0625,Voice Literature Event,Exhibition,Literature,"Berlin, Germany",2025-10-10,22:16:50,33.86,,0.19
E0626,Center Comedy Event,Concert,Comedy,"Berlin, Germany",2026-03-03,20:01:49,11.6,,0.8
E0627,Most Tech Event,Conference,Tech,"Dubai, United Arab Emirates",2026-03-18,09:05:09,195.95,,0.77
E0628,Toward Comedy Event,Match,Comedy,"Dubai, United Arab Emirates",2026-01-27,16:18:06,30.99,,0.96
E0629,Color Film Event,Tasting,Film,"Shanghai, China",2026-01-06,07:48:32,177.09,,0.82
E0630,Hear Music Event,Play,Music,"Seoul, South Korea",2025-08-18,16:40:02,164.57,Richard Harrington,0.49
E0631,Society Film Event,Concert,Film,"Dubai, United Arab Emirates",2025-06-22,16:44:27,162.52,,0.18
E0632,Employee Art Event,Tasting,Art,"Cape Town, South Africa",2026-02-09,18:28:16,29.36,,0.25
E0633,Little Tech Event,Tasting,Tech,"New York, United States",2025-12-08,14:29:37,24.6,,0.24
E0634,Current Workshops Event,Match,Workshops,"Madrid, Spain",2025-10-17,03:42:30,53.62,,0.21
E0635,No Food Event,Concert,Food,"Sydney, Australia",2025-04-16,16:29:00,167.74,,0.26
E0636,Away Music Event,Screening,Music,"New York, United States",2025-04-24,06:46:53,154.56,Carrie Rodriguez,0.69
E0637,Skill Literature Event,Reading,Literature,"New York, United States",2025-05-15,10:52:39,173.96,,0.53
E0638,Animal Workshops Event,Screening,Workshops,"Paris, France",2025-11-04,00:56:12,49.26,,0.04
E0639,Organization Sports Event,Conference,Sports,"Bangkok, Thailand",2025-09-07,04:27:57,156.52,,0.56
E0640,Peace Literature Event,Conference,Literature,"Tokyo, Japan",2025-09-22,03:52:22,48.94,,0.31
E0641,Future Art Event,Exhibition,Art,"Mexico City, Mexico",2025-04-20,12:55:06,97.35,,0.09
E0642,Name Music Event,Seminar,Music,"Singapore, Singapore",2026-02-20,02:01:10,88.83,Ryan Smith,0.68
E0643,Increase Art Event,Tasting,Art,"Madrid, Spain",2025-11-14,22:56:07,181.52,,0.04
E0644,Quickly Music Event,Match,Music,"Cape Town, South Africa",2025-06-01,01:35:11,159.27,Tommy Welch,0.94
E0645,Entire Music Event,Concert,Music,"Cape Town, South Africa",2025-09-24,02:18:29,162.64,Janice Griffin,0.17
E0646,Family Sports Event,Concert,Sports,"Madrid, Spain",2025-05-29,01:38:52,20.58,,0.54
E0647,Without Art Event,Match,Art,"Cape Town, South Africa",2025-11-10,20:51:30,135.36,,0.38
E0648,Real Film Event,Show,Film,"Paris, France",2025-07-08,09:50:13,149.08,,0.68
E0649,Side Tech Event,Conference,Tech,"Singapore, Singapore",2025-05-03,10:17:52,147.39,,0.04
E0650,Day Theater Event,Concert,Theater,"Paris, France",2025-11-14,07:16:17,106.7,,0.38
E0651,Myself Tech Event,Reading,Tech,"London, United Kingdom",2026-03-14,11:53:44,34.21,,0.42
E0652,Others Workshops Event,Show,Workshops,"Dubai, United Arab Emirates",2025-04-29,21:28:48,169.04,,0.84
E0653,Reveal Sports Event,Tasting,Sports,"Sydney, Australia",2025-11-16,16:24:21,177.7,,0.89
E0654,Their Food Event,Play,Food,"São Paulo, Brazil",2026-03-01,19:49:09,100.59,,0.96
E0655,Technology Literature Event,Screening,Literature,"New York, United States",2025-10-19,19:08:41,128.25,,0.93
E0656,Military Music Event,Seminar,Music,"Moscow, Russia",2025-07-11,21:50:21,80.01,Christopher Hernandez,0.43
E0657,Help Film Event,Conference,Film,"Tokyo, Japan",2025-05-20,11:42:05,55.68,,0.27
E0658,Prevent Literature Event,Exhibition,Literature,"New York, United States",2025-11-01,21:44:15,125.88,,0.27
E0659,Act Theater Event,Screening,Theater,"Berlin, Germany",2025-11-18,06:26:52,184.29,,0.24
E0660,Act Workshops Event,Screening,Workshops,"Sydney, Australia",2025-08-16,19:17:42,186.81,,0.48
E0661,Run Comedy Event,Reading,Comedy,"São Paulo, Brazil",2025-09-01,09:15:05,102.6,,0.08
E0662,Apply Music Event,Match,Music,"Shanghai, China",2026-01-22,02:36:32,26.01,Allison Rivera,0.57
E0663,Hour Workshops Event,Concert,Workshops,"Mumbai, India",2025-05-03,13:40:18,55.22,,0.66
E0664,Vote Sports Event,Screening,Sports,"Singapore, Singapore",2025-07-23,02:29:53,99.75,,0.12
E0665,Name Music Event,Tasting,Music,"Mumbai, India",2025-10-03,14:10:32,168.64,Daniel Williams,0.82
E0666,Society Sports Event,Seminar,Sports,"Istanbul, Turkey",2025-09-30,02:37:22,41.83,,0.97
E0667,Song Sports Event,Reading,Sports,"Seoul, South Korea",2026-03-05,13:48:10,42.15,,0.71
E0668,Final Theater Event,Concert,Theater,"Los Angeles, United States",2025-07-11,03:08:50,104.51,,0.96
E0669,Raise Art Event,Exhibition,Art,"Dubai, United Arab Emirates",2025-12-31,08:20:23,44.49,,0.97
E0670,Stock Tech Event,Play,Tech,"London, United Kingdom",2026-01-28,21:12:32,151.51,,0.88
E0671,Just Sports Event,Screening,Sports,"Los Angeles, United States",2025-10-11,15:30:20,164.67,,0.08
E0672,Occur Workshops Event,Seminar,Workshops,"Bangkok, Thailand",2025-04-23,19:03:45,168.55,,0.46
E0673,Science Literature Event,Reading,Literature,"Berlin, Germany",2026-02-10,07:42:41,53.97,,0.27
E0674,Civil Music Event,Play,Music,"Singapore, Singapore",2025-04-26,00:38:16,120.78,Amanda Holland,0.59
E0675,Professor Theater Event,Play,Theater,"Seoul, South Korea",2025-11-20,14:13:29,132.74,,0.22
E0676,Decide Food Event,Conference,Food,"Berlin, Germany",2026-01-06,08:59:11,69.64,,0.55
E0677,Democratic Comedy Event,Reading,Comedy,"Mexico City, Mexico",2025-11-13,13:24:46,100.48,,0.88
E0678,Pattern Tech Event,Match,Tech,"São Paulo, Brazil",2025-06-07,06:26:00,45.26,,0.46
E0679,Indicate Film Event,Screening,Film,"Mexico City, Mexico",2025-08-15,01:35:27,14.84,,0.92
E0680,West Film Event,Show,Film,"Shanghai, China",2025-05-12,13:25:25,165.12,,0.79
E0681,Where Theater Event,Reading,Theater,"Toronto, Canada",2025-03-22,16:32:17,177.05,,0.65
E0682,Word Sports Event,Reading,Sports,"Moscow, Russia",2026-02-14,17:16:19,153.39,,0.34
E0683,Himself Food Event,Screening,Food,"Mexico City, Mexico",2025-08-12,00:43:19,42.18,,0.39
E0684,Both Comedy Event,Play,Comedy,"London, United Kingdom",2026-02-28,20:08:55,133.77,,0.9
E0685,Somebody Art Event,Conference,Art,"Istanbul, Turkey",2026-02-15,15:19:53,151.41,,0.55
E0686,Black Comedy Event,Show,Comedy,"Tokyo, Japan",2025-05-28,04:23:11,148.02,,0.12
E0687,Soldier Food Event,Conference,Food,"Singapore, Singapore",2025-07-29,07:19:20,147.18,,0.53
E0688,Field Music Event,Tasting,Music,"Mumbai, India",2026-03-13,23:50:57,172.35,James Adkins,0.84
E0689,Seat Theater Event,Screening,Theater,"Sydney, Australia",2026-01-07,04:36:18,141.53,,0.51
E0690,Strategy Food Event,Match,Food,"Cape Town, South Africa",2025-09-12,02:39:14,163.75,,0.65
E0691,Protect Music Event,Tasting,Music,"Mumbai, India",2025-08-21,22:06:54,53.32,Jonathan Thompson,0.55
E0692,Despite Theater Event,Reading,Theater,"Berlin, Germany",2026-03-01,21:24:49,153.91,,0.83
E0693,One Food Event,Reading,Food,"Mumbai, India",2026-01-24,19:34:55,88.48,,0.64
E0694,Money Sports Event,Tasting,Sports,"Sydney, Australia",2025-12-22,11:21:10,93.2,,0.19
E0695,Why Food Event,Match,Food,"Toronto, Canada",2025-09-14,01:07:01,176.59,,0.58
E0696,See Workshops Event,Play,Workshops,"São Paulo, Brazil",2025-07-31,08:42:02,85.87,,0.7
E0697,Beautiful Food Event,Seminar,Food,"Tokyo, Japan",2025-08-17,09:29:05,39.27,,0.9
E0698,Final Comedy Event,Reading,Comedy,"London, United Kingdom",2026-01-24,14:30:19,75.21,,0.1
E0699,Save Music Event,Tasting,Music,"Mumbai, India",2025-12-31,18:37:38,157.56,Kara Stewart,0.38
E0700,Him Tech Event,Exhibition,Tech,"Dubai, United Arab Emirates",2025-05-05,20:08:52,108.53,,0.54
E0701,Rather Theater Event,Play,Theater,"Cape Town, South Africa",2025-05-30,19:46:37,31.21,,0.3
E0702,Fly Theater Event,Reading,Theater,"São Paulo, Brazil",2025-08-25,11:27:49,179.68,,0.89
E0703,No Tech Event,Conference,Tech,"Singapore, Singapore",2025-12-15,05:26:57,157.53,,0.38
E0704,Better Comedy Event,Conference,Comedy,"Singapore, Singapore",2025-09-08,07:56:51,91.37,,0.39
E0705,Safe Food Event,Play,Food,"São Paulo, Brazil",2025-05-24,14:15:12,161.67,,0.79
E0706,Also Literature Event,Screening,Literature,"Madrid, Spain",2025-06-02,10:27:50,93.08,,0.25
E0707,Year Sports Event,Show,Sports,"Paris, France",2025-03-29,18:19:43,135.39,,0.75
E0708,Sometimes Art Event,Concert,Art,"Madrid, Spain",2025-04-26,17:13:50,97.54,,0.54
E0709,Friend Literature Event,Play,Literature,"Shanghai, China",2025-09-11,04:53:20,25.34,,0.69
E0710,Try Art Event,Match,Art,"Tokyo, Japan",2026-01-30,04:47:40,90.08,,0.34
E0711,Second Theater Event,Conference,Theater,"Moscow, Russia",2025-09-26,21:59:28,67.79,,0.94
E0712,Safe Comedy Event,Exhibition,Comedy,"Istanbul, Turkey",2025-08-29,10:10:55,167.58,,0.23
E0713,But Sports Event,Conference,Sports,"New York, United States",2025-09-27,12:10:09,12.62,,0.09
E0714,Senior Film Event,Tasting,Film,"Singapore, Singapore",2025-08-10,07:27:50,55.78,,0.48
E0715,Establish Sports Event,Exhibition,Sports,"Sydney, Australia",2025-11-04,15:23:58,140.02,,0.92
E0716,Mrs Food Event,Seminar,Food,"Seoul, South Korea",2025-05-13,19:13:01,15.24,,0.28
E0717,Wind Food Event,Reading,Food,"Paris, France",2025-05-14,21:42:18,166.77,,0.91
E0718,Program Theater Event,Reading,Theater,"Sydney, Australia",2025-06-18,15:51:12,58.44,,0.24
E0719,Once Music Event,Screening,Music,"Istanbul, Turkey",2026-01-24,05:07:47,24.0,Alex Moreno,0.88
E0720,Tonight Film Event,Screening,Film,"Mumbai, India",2025-07-23,18:46:55,141.34,,0.91
E0721,Feeling Art Event,Match,Art,"Sydney, Australia",2025-06-01,15:21:58,166.74,,0.53
E0722,Current Literature Event,Exhibition,Literature,"Sydney, Australia",2025-11-23,03:36:58,100.5,,0.51
E0723,Require Tech Event,Tasting,Tech,"Bangkok, Thailand",2025-11-30,10:33:51,114.83,,0.67
E0724,Range Workshops Event,Conference,Workshops,"Bangkok, Thailand",2025-05-21,05:22:58,121.02,,0.61
E0725,Type Food Event,Match,Food,"London, United Kingdom",2025-12-20,03:14:47,124.31,,0.04
E0726,Chair Film Event,Exhibition,Film,"Istanbul, Turkey",2026-01-23,23:26:06,174.94,,0.27
E0727,Form Art Event,Seminar,Art,"Mumbai, India",2025-05-09,18:04:42,118.91,,0.42
E0728,Street Literature Event,Reading,Literature,"Shanghai, China",2025-06-04,05:29:06,198.42,,0.85
E0729,Note Film Event,Conference,Film,"Mumbai, India",2025-09-13,06:57:12,72.52,,0.71
E0730,Moment Food Event,Match,Food,"Madrid, Spain",2025-04-25,14:03:11,10.64,,0.11
E0731,Dream Food Event,Exhibition,Food,"Mumbai, India",2025-05-21,23:51:45,103.02,,0.74
E0732,Middle Comedy Event,Play,Comedy,"Moscow, Russia",2026-02-11,15:04:31,34.77,,0.45
E0733,Able Film Event,Seminar,Film,"Toronto, Canada",2026-01-19,17:01:59,63.72,,0.57
E0734,Will Film Event,Reading,Film,"Seoul, South Korea",2025-03-23,09:18:39,173.78,,0.24
E0735,Computer Sports Event,Seminar,Sports,"Los Angeles, United States",2026-02-19,09:11:34,73.17,,0.12
E0736,Result Film Event,Seminar,Film,"Toronto, Canada",2025-04-28,23:14:30,35.74,,0.84
E0737,Culture Theater Event,Play,Theater,"Bangkok, Thailand",2025-06-09,00:40:30,87.96,,0.51
E0738,Answer Comedy Event,Screening,Comedy,"Istanbul, Turkey",2025-04-17,08:18:44,110.61,,0.61
E0739,History Literature Event,Seminar,Literature,"São Paulo, Brazil",2025-11-17,21:53:10,68.5,,0.48
E0740,Later Theater Event,Reading,Theater,"Sydney, Australia",2025-10-29,11:53:38,59.63,,0.59
E0741,Sometimes Music Event,Tasting,Music,"Paris, France",2025-07-24,22:50:05,131.84,Jennifer Bush,0.23
E0742,Center Music Event,Conference,Music,"Mexico City, Mexico",2026-02-07,13:13:34,62.74,Jacqueline Kramer,0.99
E0743,The Literature Event,Play,Literature,"Paris, France",2025-11-03,04:15:10,192.87,,0.42
E0744,Yard Comedy Event,Play,Comedy,"Paris, France",2026-01-06,06:05:16,19.51,,0.37
E0745,Let Tech Event,Conference,Tech,"Cape Town, South Africa",2025-10-27,20:22:09,60.57,,0.4
E0746,Recent Food Event,Screening,Food,"Tokyo, Japan",2025-04-22,01:42:45,130.77,,0.42
E0747,Land Sports Event,Match,Sports,"São Paulo, Brazil",2025-05-02,17:18:59,39.79,,0.44
E0748,Economy Literature Event,Show,Literature,"Madrid, Spain",2025-05-02,17:18:36,31.98,,0.83
E0749,Rate Theater Event,Tasting,Theater,"Seoul, South Korea",2026-02-19,16:35:17,25.29,,0.09
E0750,Save Music Event,Reading,Music,"São Paulo, Brazil",2025-12-20,23:36:25,45.04,Robert Booth,0.21
E0751,Ready Tech Event,Match,Tech,"Los Angeles, United States",2026-03-01,05:11:39,56.0,,0.07
E0752,Democratic Comedy Event,Reading,Comedy,"Paris, France",2025-12-12,01:34:54,29.39,,0.12
E0753,Police Film Event,Seminar,Film,"São Paulo, Brazil",2026-02-18,08:42:11,133.19,,0.11
E0754,However Art Event,Reading,Art,"Seoul, South Korea",2025-08-07,10:52:17,152.15,,0.56
E0755,Feeling Film Event,Match,Film,"Mexico City, Mexico",2026-03-21,03:12:59,121.73,,0.31
E0756,Born Film Event,Concert,Film,"Berlin, Germany",2025-10-17,21:00:19,37.18,,0.07
E0757,Argue Music Event,Play,Music,"New York, United States",2026-01-14,10:42:29,110.11,Miguel Austin,0.65
E0758,Send Comedy Event,Show,Comedy,"New York, United States",2025-09-04,04:07:10,180.1,,0.44
E0759,Yard Music Event,Play,Music,"Moscow, Russia",2025-07-08,04:42:38,162.52,Erin Ashley,0.18
E0760,Character Workshops Event,Seminar,Workshops,"Dubai, United Arab Emirates",2025-06-04,19:51:46,89.66,,0.16
E0761,If Workshops Event,Reading,Workshops,"Sydney, Australia",2025-10-19,17:41:43,92.86,,0.94
E0762,Against Film Event,Play,Film,"Bangkok, Thailand",2025-11-08,00:49:45,150.46,,0.27
E0763,Onto Food Event,Play,Food,"Toronto, Canada",2025-06-17,08:32:24,177.15,,0.63
E0764,Among Workshops Event,Conference,Workshops,"Seoul, South Korea",2026-02-08,17:39:53,152.78,,0.63
E0765,Middle Film Event,Show,Film,"Mexico City, Mexico",2025-06-04,00:05:39,102.77,,0.23
E0766,Pass Literature Event,Reading,Literature,"Berlin, Germany",2025-11-26,08:55:39,158.19,,0.14
E0767,Article Film Event,Screening,Film,"Cape Town, South Africa",2025-06-05,21:39:46,34.41,,0.76
E0768,Stuff Comedy Event,Reading,Comedy,"Los Angeles, United States",2025-09-17,14:25:48,197.44,,0.11
E0769,Project Music Event,Match,Music,"Berlin, Germany",2025-07-07,23:42:32,122.48,Caleb Thomas,0.77
E0770,Language Film Event,Exhibition,Film,"Seoul, South Korea",2025-05-15,20:31:54,187.4,,0.37
E0771,Indicate Food Event,Tasting,Food,"Mexico City, Mexico",2025-09-30,03:21:16,86.47,,0.55
E0772,Certain Comedy Event,Reading,Comedy,"Dubai, United Arab Emirates",2025-07-07,17:16:27,57.57,,0.1
E0773,Ready Film Event,Conference,Film,"New York, United States",2026-01-11,07:33:05,37.77,,0.34
E0774,Experience Sports Event,Concert,Sports,"New York, United States",2025-05-28,14:47:06,194.52,,0.5
E0775,Minute Comedy Event,Conference,Comedy,"Cape Town, South Africa",2025-12-12,02:13:01,121.7,,0.01
E0776,Social Workshops Event,Exhibition,Workshops,"Toronto, Canada",2025-11-24,16:10:57,12.53,,0.25
E0777,It Theater Event,Play,Theater,"Istanbul, Turkey",2025-11-16,08:55:16,152.82,,0.69
E0778,Physical Tech Event,Conference,Tech,"Tokyo, Japan",2025-11-07,20:07:36,166.79,,0.63
E0779,Tax Sports Event,Reading,Sports,"Paris, France",2025-03-27,21:03:20,79.5,,0.0
E0780,Stand Literature Event,Exhibition,Literature,"Dubai, United Arab Emirates",2025-10-28,21:08:44,28.17,,0.28
E0781,And Tech Event,Conference,Tech,"Dubai, United Arab Emirates",2026-01-09,15:04:04,46.43,,0.07
E0782,Travel Workshops Event,Tasting,Workshops,"Berlin, Germany",2026-01-30,15:49:14,168.52,,0.9
E0783,Public Film Event,Exhibition,Film,"Seoul, South Korea",2025-10-12,07:10:59,59.82,,0.16
E0784,Billion Food Event,Conference,Food,"Paris, France",2025-03-23,17:35:36,131.53,,0.37
E0785,Letter Theater Event,Exhibition,Theater,"Moscow, Russia",2025-11-06,08:47:03,45.87,,0.82
E0786,Article Food Event,Screening,Food,"Istanbul, Turkey",2026-01-31,16:08:57,156.69,,0.49
E0787,Event Food Event,Exhibition,Food,"Los Angeles, United States",2025-12-18,03:25:09,124.61,,0.36
E0788,Argue Literature Event,Exhibition,Literature,"Paris, France",2026-03-12,08:38:22,197.38,,0.83
E0789,Down Music Event,Conference,Music,"Cape Town, South Africa",2025-07-14,06:32:01,96.06,Kathy Summers,0.14
E0790,Investment Literature Event,Exhibition,Literature,"Berlin, Germany",2025-08-10,13:15:12,149.07,,0.0
E0791,Question Workshops Event,Reading,Workshops,"Seoul, South Korea",2025-10-01,11:42:15,27.18,,0.06
E0792,Detail Workshops Event,Exhibition,Workshops,"Moscow, Russia",2025-09-15,15:43:41,116.61,,0.15
E0793,Keep Music Event,Concert,Music,"Sydney, Australia",2025-06-30,18:52:15,56.31,Hector Young,0.8
E0794,Drive Theater Event,Reading,Theater,"Berlin, Germany",2025-07-17,09:51:00,25.69,,0.96
E0795,Training Workshops Event,Reading,Workshops,"Cape Town, South Africa",2025-08-21,06:47:26,140.87,,0.85
E0796,In Film Event,Reading,Film,"Cape Town, South Africa",2025-09-28,23:26:39,142.48,,0.27
E0797,Nothing Workshops Event,Show,Workshops,"New York, United States",2026-02-03,16:24:34,162.13,,0.09
E0798,Deal Workshops Event,Play,Workshops,"Mexico City, Mexico",2026-01-15,14:24:22,43.23,,0.99
E0799,Around Literature Event,Play,Literature,"Moscow, Russia",2025-05-31,09:42:22,139.54,,0.31
E0800,Run Film Event,Show,Film,"Moscow, Russia",2025-10-29,10:13:47,82.15,,0.8
E0801,Stop Workshops Event,Conference,Workshops,"Berlin, Germany",2025-05-26,16:14:43,41.4,,0.41
E0802,Political Music Event,Match,Music,"Singapore, Singapore",2025-10-30,06:58:54,160.78,Shawna Kennedy,0.16
E0803,Return Film Event,Exhibition,Film,"Singapore, Singapore",2025-11-24,13:36:10,44.37,,0.41
E0804,Degree Music Event,Reading,Music,"London, United Kingdom",2025-08-02,07:18:30,55.21,Marc Galloway,0.01
E0805,Crime Workshops Event,Screening,Workshops,"Shanghai, China",2025-07-08,23:43:55,84.16,,0.28
E0806,Catch Food Event,Exhibition,Food,"Paris, France",2025-05-24,01:28:08,157.84,,0.07
E0807,Later Sports Event,Seminar,Sports,"Singapore, Singapore",2025-06-14,01:48:00,47.09,,0.99
E0808,Hair Tech Event,Concert,Tech,"Dubai, United Arab Emirates",2026-03-15,05:47:56,121.33,,0.3
E0809,Long Sports Event,Reading,Sports,"São Paulo, Brazil",2025-03-27,00:43:02,69.43,,0.89
E0810,Fire Literature Event,Match,Literature,"Tokyo, Japan",2025-08-25,10:01:54,170.01,,0.46
E0811,History Film Event,Reading,Film,"Toronto, Canada",2025-04-09,06:39:19,170.78,,0.38
E0812,Spend Film Event,Play,Film,"Sydney, Australia",2025-12-27,06:35:12,50.52,,0.05
E0813,Personal Literature Event,Match,Literature,"Dubai, United Arab Emirates",2025-07-09,03:10:41,127.54,,0.15
E0814,Company Film Event,Tasting,Film,"Madrid, Spain",2026-01-23,05:07:42,176.34,,0.95
E0815,Soldier Theater Event,Concert,Theater,"Los Angeles, United States",2025-07-24,14:41:41,161.24,,0.17
E0816,Despite Art Event,Show,Art,"São Paulo, Brazil",2025-11-24,06:04:06,44.38,,0.38
E0817,Data Workshops Event,Conference,Workshops,"Los Angeles, United States",2025-10-04,21:18:43,78.11,,1.0
E0818,Year Literature Event,Show,Literature,"Seoul, South Korea",2025-06-23,07:45:25,128.07,,0.04
E0819,Personal Theater Event,Concert,Theater,"Cape Town, South Africa",2025-04-17,15:59:27,151.16,,0.55
E0820,Pm Sports Event,Seminar,Sports,"Cape Town, South Africa",2025-12-26,03:03:55,56.68,,0.22
E0821,Find Music Event,Match,Music,"Bangkok, Thailand",2025-06-24,13:17:59,10.97,Roberto Love,0.64
E0822,Finish Art Event,Screening,Art,"Mexico City, Mexico",2025-06-09,01:15:48,189.57,,0.96
E0823,Political Art Event,Play,Art,"São Paulo, Brazil",2025-06-21,19:13:22,103.03,,0.75
E0824,Region Film Event,Reading,Film,"Shanghai, China",2026-03-02,20:22:44,139.91,,0.27
E0825,Activity Sports Event,Match,Sports,"São Paulo, Brazil",2025-11-12,07:00:22,96.3,,0.51
E0826,Reveal Workshops Event,Show,Workshops,"Singapore, Singapore",2026-02-17,03:46:57,110.83,,0.37
E0827,Community Comedy Event,Show,Comedy,"Moscow, Russia",2025-07-03,12:46:35,124.4,,0.36
E0828,Upon Workshops Event,Exhibition,Workshops,"Sydney, Australia",2025-12-17,17:23:23,116.28,,0.3
E0829,Dog Tech Event,Screening,Tech,"Dubai, United Arab Emirates",2025-08-01,20:34:29,155.78,,0.39
E0830,Page Comedy Event,Screening,Comedy,"Dubai, United Arab Emirates",2025-06-30,21:06:32,92.99,,0.85
E0831,Property Sports Event,Show,Sports,"Moscow, Russia",2025-10-12,07:08:44,45.57,,0.39
E0832,Role Food Event,Match,Food,"Toronto, Canada",2025-03-30,06:14:09,161.1,,0.8
E0833,Inside Comedy Event,Concert,Comedy,"Singapore, Singapore",2025-07-11,16:04:42,51.25,,0.61
E0834,Figure Art Event,Show,Art,"Shanghai, China",2025-12-12,03:44:05,114.74,,0.82
E0835,Three Film Event,Match,Film,"Bangkok, Thailand",2025-05-14,19:45:26,195.49,,0.28
E0836,Stage Sports Event,Screening,Sports,"Mexico City, Mexico",2025-09-19,09:08:42,157.48,,0.1
E0837,Design Comedy Event,Show,Comedy,"New York, United States",2025-07-01,12:13:31,48.41,,0.64
E0838,Usually Theater Event,Conference,Theater,"Sydney, Australia",2025-11-16,02:35:30,146.74,,0.56
E0839,Only Workshops Event,Show,Workshops,"Madrid, Spain",2025-09-16,03:31:57,99.79,,0.17
E0840,Seven Theater Event,Tasting,Theater,"Seoul, South Korea",2026-02-10,07:40:50,141.25,,0.29
E0841,Service Sports Event,Match,Sports,"Sydney, Australia",2025-06-27,08:32:00,42.86,,0.29
E0842,Company Tech Event,Screening,Tech,"Cape Town, South Africa",2025-07-19,03:13:49,65.93,,0.6
E0843,Western Food Event,Show,Food,"Istanbul, Turkey",2025-12-06,16:20:16,196.44,,0.52
E0844,Project Food Event,Exhibition,Food,"Los Angeles, United States",2025-12-18,08:28:16,27.57,,0.49
E0845,Financial Sports Event,Screening,Sports,"Seoul, South Korea",2026-01-18,15:05:52,150.35,,0.08
E0846,Street Workshops Event,Seminar,Workshops,"Toronto, Canada",2025-10-18,17:46:15,143.71,,0.65
E0847,Computer Film Event,Conference,Film,"Seoul, South Korea",2025-12-12,02:22:06,195.91,,0.97
E0848,Five Food Event,Play,Food,"Cape Town, South Africa",2025-06-25,23:37:08,76.8,,0.77
E0849,Night Art Event,Match,Art,"Seoul, South Korea",2025-05-20,01:11:34,90.63,,0.61
E0850,Democrat Theater Event,Screening,Theater,"Paris, France",2026-02-16,04:24:28,164.03,,0.6
E0851,Area Tech Event,Show,Tech,"London, United Kingdom",2025-12-03,16:40:53,11.99,,0.29
E0852,Trade Music Event,Play,Music,"Mumbai, India",2025-11-27,04:41:20,72.19,Mark Fleming,0.22
E0853,From Art Event,Match,Art,"London, United Kingdom",2025-03-26,09:53:02,130.4,,0.38
E0854,Car Literature Event,Reading,Literature,"Shanghai, China",2025-08-13,07:23:49,109.35,,0.66
E0855,One Comedy Event,Exhibition,Comedy,"Shanghai, China",2025-10-18,16:55:00,40.48,,0.98
E0856,Such Food Event,Match,Food,"Mumbai, India",2025-11-26,15:20:57,172.75,,0.19
E0857,Detail Sports Event,Screening,Sports,"Bangkok, Thailand",2025-12-26,13:55:28,151.3,,0.23
E0858,Party Literature Event,Seminar,Literature,"Shanghai, China",2025-07-17,00:39:51,50.97,,0.4
E0859,Hot Film Event,Tasting,Film,"Moscow, Russia",2026-01-05,05:40:41,51.99,,0.88
E0860,Fish Food Event,Seminar,Food,"Paris, France",2025-06-21,12:50:01,128.17,,0.24
E0861,Development Theater Event,Show,Theater,"Sydney, Australia",2025-05-02,14:06:40,105.8,,0.69
E0862,Decision Art Event,Show,Art,"Tokyo, Japan",2025-07-05,21:38:03,122.59,,0.24
E0863,Bill Sports Event,Tasting,Sports,"Moscow, Russia",2025-09-03,21:48:47,194.57,,0.56
E0864,Discuss Film Event,Concert,Film,"Bangkok, Thailand",2026-02-08,05:10:18,133.36,,0.86
E0865,Forget Food Event,Screening,Food,"São Paulo, Brazil",2025-10-31,02:21:37,117.55,,0.9
E0866,Matter Music Event,Play,Music,"Singapore, Singapore",2026-01-05,21:44:31,94.44,Daniel Clark,0.58
E0867,Fight Food Event,Conference,Food,"Berlin, Germany",2025-11-04,08:19:22,147.31,,0.27
E0868,Ask Literature Event,Seminar,Literature,"Paris, France",2026-01-15,02:53:10,190.56,,0.7
E0869,Late Comedy Event,Exhibition,Comedy,"Madrid, Spain",2026-02-09,18:34:39,75.79,,0.72
E0870,Heavy Tech Event,Seminar,Tech,"Bangkok, Thailand",2025-08-10,11:52:52,24.8,,0.24
E0871,Marriage Workshops Event,Match,Workshops,"Madrid, Spain",2026-01-09,19:34:00,11.47,,0.16
E0872,Represent Art Event,Match,Art,"Shanghai, China",2025-06-12,06:43:25,93.75,,0.34
E0873,Decide Music Event,Exhibition,Music,"Istanbul, Turkey",2025-06-10,23:03:38,103.13,Jeffrey Giles,0.07
E0874,Rich Music Event,Exhibition,Music,"Paris, France",2025-04-20,10:16:09,70.7,Allison Hartman,0.75
E0875,Present Comedy Event,Screening,Comedy,"Berlin, Germany",2026-03-07,07:49:18,55.41,,0.04
E0876,Idea Sports Event,Concert,Sports,"London, United Kingdom",2025-09-04,23:12:26,78.18,,0.89
E0877,Arm Film Event,Seminar,Film,"Toronto, Canada",2026-01-22,10:13:00,119.09,,0.47
E0878,Quality Food Event,Show,Food,"Dubai, United Arab Emirates",2026-01-19,06:31:30,92.94,,0.46
E0879,Entire Art Event,Show,Art,"Berlin, Germany",2026-03-16,18:21:57,63.64,,0.51
E0880,Would Sports Event,Play,Sports,"Bangkok, Thailand",2025-05-24,02:48:49,27.03,,0.1
E0881,Contain Music Event,Concert,Music,"Los Angeles, United States",2026-03-08,20:33:26,109.67,Jessica Robinson,0.04
E0882,Much Film Event,Play,Film,"Madrid, Spain",2026-01-10,11:02:14,112.2,,0.26
E0883,Continue Comedy Event,Tasting,Comedy,"London, United Kingdom",2025-06-22,07:46:39,70.61,,0.54
E0884,Finally Film Event,Match,Film,"Bangkok, Thailand",2025-11-04,12:57:53,110.31,,0.14
E0885,Attorney Literature Event,Conference,Literature,"Singapore, Singapore",2026-02-16,00:31:04,99.94,,0.36
E0886,Mouth Film Event,Reading,Film,"Madrid, Spain",2025-06-05,08:25:43,90.46,,0.2
E0887,Most Comedy Event,Tasting,Comedy,"Singapore, Singapore",2026-01-06,18:49:05,32.65,,0.67
E0888,Over Comedy Event,Match,Comedy,"Moscow, Russia",2025-05-27,03:02:23,47.5,,0.71
E0889,Weight Tech Event,Exhibition,Tech,"New York, United States",2025-07-22,23:10:27,191.64,,0.41
E0890,These Music Event,Play,Music,"São Paulo, Brazil",2025-12-15,10:27:35,139.02,Morgan Peterson,0.16
E0891,Skill Comedy Event,Concert,Comedy,"São Paulo, Brazil",2025-09-19,08:22:04,20.8,,0.51
E0892,During Art Event,Concert,Art,"Toronto, Canada",2026-02-16,04:12:38,64.39,,0.22
E0893,Save Food Event,Screening,Food,"Berlin, Germany",2025-08-09,11:03:47,82.02,,0.2
E0894,Anyone Tech Event,Tasting,Tech,"New York, United States",2026-01-01,18:38:01,49.29,,0.51
E0895,Method Theater Event,Concert,Theater,"Seoul, South Korea",2025-09-29,04:45:20,76.88,,0.67
E0896,Trade Food Event,Conference,Food,"Moscow, Russia",2025-09-17,17:32:46,144.8,,0.69
E0897,Style Comedy Event,Tasting,Comedy,"São Paulo, Brazil",2025-05-07,02:02:38,113.53,,0.99
E0898,Source Literature Event,Tasting,Literature,"Istanbul, Turkey",2025-04-26,12:15:00,84.13,,0.54
E0899,Down Sports Event,Tasting,Sports,"Shanghai, China",2025-09-10,20:28:31,47.98,,0.69
E0900,Cultural Tech Event,Match,Tech,"Shanghai, China",2025-09-19,22:20:41,110.97,,0.12
E0901,All Theater Event,Match,Theater,"Los Angeles, United States",2026-02-03,12:30:24,81.19,,0.7
E0902,Discuss Theater Event,Show,Theater,"Toronto, Canada",2026-03-01,12:28:25,115.06,,0.82
E0903,Here Workshops Event,Show,Workshops,"New York, United States",2025-07-29,17:43:19,150.8,,0.08
E0904,Painting Comedy Event,Screening,Comedy,"Mumbai, India",2025-08-25,03:20:17,181.86,,0.98
E0905,Far Workshops Event,Show,Workshops,"Mexico City, Mexico",2025-07-26,07:48:13,116.7,,0.14
E0906,Contain Literature Event,Show,Literature,"Shanghai, China",2026-02-11,21:06:03,94.71,,1.0
E0907,Method Film Event,Seminar,Film,"Mexico City, Mexico",2025-04-23,08:09:56,51.08,,0.66
E0908,Difference Film Event,Conference,Film,"Moscow, Russia",2025-06-08,19:15:54,148.29,,0.88
E0909,Program Music Event,Exhibition,Music,"Mexico City, Mexico",2025-12-16,15:36:38,52.8,Seth Torres,0.82
E0910,Win Food Event,Seminar,Food,"São Paulo, Brazil",2025-05-22,06:24:29,17.54,,0.64
E0911,Opportunity Sports Event,Concert,Sports,"London, United Kingdom",2025-04-18,02:39:25,184.4,,0.54
E0912,Could Art Event,Show,Art,"Los Angeles, United States",2025-12-17,22:13:15,53.1,,0.36
E0913,With Theater Event,Screening,Theater,"Mexico City, Mexico",2025-07-13,17:06:59,174.44,,0.24
E0914,Example Music Event,Conference,Music,"London, United Kingdom",2025-08-06,16:05:08,166.85,Lisa Cunningham,0.22
E0915,Glass Music Event,Concert,Music,"Seoul, South Korea",2026-03-14,13:18:56,11.5,Kristen Hunter,0.35
E0916,Statement Music Event,Reading,Music,"Shanghai, China",2026-03-08,14:09:06,57.61,Michael Mann,0.0
E0917,Most Music Event,Play,Music,"Sydney, Australia",2025-08-06,19:49:20,83.53,Melissa Young,0.34
E0918,Run Comedy Event,Conference,Comedy,"Shanghai, China",2025-07-05,17:51:05,69.94,,0.76
E0919,Learn Music Event,Show,Music,"Dubai, United Arab Emirates",2025-06-14,10:18:48,157.33,Austin Mason,0.53
E0920,How Sports Event,Exhibition,Sports,"Bangkok, Thailand",2026-01-04,05:47:59,62.85,,0.78
E0921,Else Sports Event,Show,Sports,"Berlin, Germany",2026-01-12,05:23:06,195.64,,0.79
E0922,Letter Art Event,Seminar,Art,"Toronto, Canada",2025-06-29,09:19:02,172.13,,0.07
E0923,Material Film Event,Match,Film,"Los Angeles, United States",2025-07-23,08:17:27,115.61,,0.32
E0924,Hospital Theater Event,Conference,Theater,"Bangkok, Thailand",2026-01-23,01:01:37,157.59,,0.3
E0925,Argue Music Event,Conference,Music,"Mumbai, India",2025-04-04,20:32:58,185.76,Roger Davis,0.28
E0926,Building Theater Event,Play,Theater,"Madrid, Spain",2025-04-28,01:05:08,49.56,,1.0
E0927,Scientist Sports Event,Screening,Sports,"Sydney, Australia",2025-09-15,15:39:38,56.37,,0.56
E0928,We Sports Event,Seminar,Sports,"Shanghai, China",2025-08-19,02:03:44,52.41,,0.4
E0929,Kitchen Sports Event,Exhibition,Sports,"Mexico City, Mexico",2025-09-27,07:13:37,195.31,,0.15
E0930,Well Workshops Event,Conference,Workshops,"São Paulo, Brazil",2025-10-02,01:17:03,133.34,,0.69
E0931,Executive Theater Event,Play,Theater,"Madrid, Spain",2025-07-04,23:56:01,116.1,,0.41
E0932,Pattern Workshops Event,Match,Workshops,"São Paulo, Brazil",2026-02-25,20:20:37,195.0,,0.47
E0933,Thought Food Event,Exhibition,Food,"Seoul, South Korea",2025-12-28,01:47:00,100.7,,0.41
E0934,Fine Music Event,Exhibition,Music,"Madrid, Spain",2025-04-12,17:51:23,113.9,Larry Khan,0.95
E0935,Best Literature Event,Show,Literature,"New York, United States",2025-09-05,21:21:46,88.73,,0.26
E0936,Truth Food Event,Seminar,Food,"Mexico City, Mexico",2025-12-31,03:03:56,144.79,,0.27
E0937,Society Theater Event,Exhibition,Theater,"Seoul, South Korea",2025-07-15,13:40:17,181.15,,0.1
E0938,Parent Tech Event,Match,Tech,"Sydney, Australia",2025-04-26,21:50:02,160.6,,0.58
E0939,Him Music Event,Play,Music,"Cape Town, South Africa",2025-08-30,20:44:35,163.52,Bianca Allen,0.21
E0940,Whole Workshops Event,Seminar,Workshops,"Mexico City, Mexico",2025-12-10,00:32:44,55.46,,0.29
E0941,Likely Tech Event,Exhibition,Tech,"Sydney, Australia",2025-09-19,21:48:43,150.48,,0.17
E0942,Above Theater Event,Conference,Theater,"New York, United States",2026-03-04,06:41:33,113.13,,0.33
E0943,Main Art Event,Reading,Art,"Moscow, Russia",2025-09-11,13:34:37,118.85,,0.11
E0944,Quite Literature Event,Seminar,Literature,"New York, United States",2025-09-03,06:44:39,182.45,,0.41
E0945,Goal Theater Event,Reading,Theater,"Los Angeles, United States",2025-12-21,17:19:03,48.15,,0.1
E0946,Everyone Food Event,Play,Food,"Madrid, Spain",2025-05-14,09:18:19,79.05,,0.57
E0947,Song Food Event,Match,Food,"Istanbul, Turkey",2026-03-04,00:31:07,180.32,,0.81
E0948,Member Sports Event,Concert,Sports,"Moscow, Russia",2025-06-01,22:49:10,156.49,,0.32
E0949,Modern Workshops Event,Concert,Workshops,"Cape Town, South Africa",2025-08-18,20:19:15,130.98,,0.96
E0950,While Workshops Event,Tasting,Workshops,"Bangkok, Thailand",2025-04-20,00:56:28,197.82,,0.72
E0951,Always Sports Event,Exhibition,Sports,"Toronto, Canada",2025-05-11,09:48:03,180.54,,0.34
E0952,Reduce Film Event,Tasting,Film,"Sydney, Australia",2025-12-14,08:17:40,67.23,,0.92
E0953,Child Art Event,Exhibition,Art,"Cape Town, South Africa",2025-10-15,03:08:09,179.01,,0.95
E0954,Tough Art Event,Concert,Art,"Mumbai, India",2025-07-12,09:38:12,153.71,,0.44
E0955,Matter Food Event,Screening,Food,"London, United Kingdom",2025-09-25,19:33:50,73.99,,0.75
E0956,Painting Sports Event,Play,Sports,"Cape Town, South Africa",2025-11-09,13:49:38,179.01,,0.17
E0957,First Art Event,Conference,Art,"Singapore, Singapore",2026-02-23,21:19:09,66.84,,0.9
E0958,Occur Art Event,Play,Art,"Madrid, Spain",2025-05-05,03:39:50,165.68,,0.98
E0959,Why Sports Event,Tasting,Sports,"Sydney, Australia",2025-06-21,08:33:53,158.59,,0.51
E0960,Throughout Theater Event,Reading,Theater,"Mumbai, India",2025-08-08,00:43:52,136.24,,0.03
E0961,Along Music Event,Match,Music,"Dubai, United Arab Emirates",2025-08-17,03:56:20,177.7,Sheila Sharp,0.59
E0962,Seek Music Event,Tasting,Music,"Dubai, United Arab Emirates",2025-04-03,11:06:56,106.16,Craig Harris,0.83
E0963,Good Music Event,Match,Music,"Paris, France",2025-08-12,01:22:41,199.81,Jodi Mccormick,0.32
E0964,Ever Music Event,Exhibition,Music,"Istanbul, Turkey",2025-07-23,11:01:04,59.47,Tanya Elliott,0.07
E0965,Able Film Event,Tasting,Film,"Toronto, Canada",2025-07-08,08:29:09,156.31,,0.03
E0966,Whether Sports Event,Show,Sports,"Dubai, United Arab Emirates",2025-11-23,12:12:03,56.52,,0.99
E0967,Camera Food Event,Tasting,Food,"New York, United States",2025-11-10,14:45:16,184.68,,0.39
E0968,Blue Theater Event,Seminar,Theater,"Sydney, Australia",2025-11-23,21:04:34,160.01,,0.99
E0969,Eye Literature Event,Exhibition,Literature,"Berlin, Germany",2026-02-10,17:05:07,136.28,,0.03
E0970,High Film Event,Conference,Film,"Tokyo, Japan",2025-12-10,17:55:52,196.65,,0.4
E0971,Per Sports Event,Seminar,Sports,"Singapore, Singapore",2026-01-17,02:09:05,160.54,,0.61
E0972,Specific Theater Event,Conference,Theater,"Toronto, Canada",2025-12-26,10:50:46,138.28,,0.35
E0973,Imagine Comedy Event,Screening,Comedy,"Cape Town, South Africa",2025-06-06,01:19:03,162.24,,0.26
E0974,Though Literature Event,Play,Literature,"Singapore, Singapore",2025-10-13,09:21:14,92.2,,0.03
E0975,Add Music Event,Conference,Music,"Singapore, Singapore",2025-09-02,21:00:23,153.66,Isaac Green,0.8
E0976,Whether Comedy Event,Conference,Comedy,"Los Angeles, United States",2025-06-25,02:42:13,120.24,,0.64
E0977,Mouth Tech Event,Match,Tech,"Singapore, Singapore",2025-07-05,22:02:44,111.48,,0.64
E0978,State Music Event,Show,Music,"Toronto, Canada",2025-12-18,07:00:52,143.39,Stephen Morgan,0.01
E0979,Point Workshops Event,Play,Workshops,"Bangkok, Thailand",2025-07-15,17:42:17,14.32,,0.39
E0980,Level Theater Event,Tasting,Theater,"Seoul, South Korea",2025-08-23,14:47:11,140.63,,0.65
E0981,Point Sports Event,Tasting,Sports,"Toronto, Canada",2025-08-21,13:45:21,186.84,,0.91
E0982,One Art Event,Reading,Art,"Bangkok, Thailand",2026-02-16,21:01:33,109.95,,0.46
E0983,Number Sports Event,Tasting,Sports,"London, United Kingdom",2025-09-27,22:52:34,139.59,,0.59
E0984,Base Theater Event,Reading,Theater,"Dubai, United Arab Emirates",2025-07-13,15:08:59,23.79,,0.18
E0985,Realize Film Event,Show,Film,"Los Angeles, United States",2025-06-08,06:41:14,151.65,,0.83
E0986,Cause Sports Event,Play,Sports,"Mumbai, India",2025-10-09,01:56:19,83.35,,0.77
E0987,Few Music Event,Tasting,Music,"São Paulo, Brazil",2025-04-14,12:02:16,27.1,John Lopez,0.41
E0988,Community Workshops Event,Seminar,Workshops,"Istanbul, Turkey",2026-01-29,02:52:17,187.8,,0.55
E0989,Detail Music Event,Conference,Music,"Tokyo, Japan",2026-01-28,04:46:27,189.78,Christopher Warner,0.51
E0990,Population Art Event,Conference,Art,"Mexico City, Mexico",2025-09-24,07:40:17,189.02,,0.27
E0991,Southern Comedy Event,Show,Comedy,"Moscow, Russia",2025-07-14,20:16:09,56.6,,0.08
E0992,Recognize Music Event,Play,Music,"Seoul, South Korea",2025-11-12,06:01:48,79.87,Jessica Jackson,0.16
E0993,Often Workshops Event,Concert,Workshops,"Seoul, South Korea",2025-08-17,02:07:00,25.53,,0.45
E0994,Against Sports Event,Conference,Sports,"São Paulo, Brazil",2025-08-01,04:17:01,45.69,,0.76
E0995,Low Tech Event,Screening,Tech,"Cape Town, South Africa",2025-04-28,22:11:48,78.36,,0.09
E0996,Customer Comedy Event,Seminar,Comedy,"Berlin, Germany",2025-12-20,05:28:18,148.97,,0.57
E0997,Growth Literature Event,Concert,Literature,"Bangkok, Thailand",2025-11-22,16:17:16,63.04,,0.95
E0998,Skill Food Event,Play,Food,"Singapore, Singapore",2025-10-11,04:08:10,176.02,,0.9
E0999,Coach Workshops Event,Conference,Workshops,"Dubai, United Arab Emirates",2025-11-29,06:04:25,86.9,,0.78
E1000,Central Workshops Event,Concert,Workshops,"Paris, France",2026-01-27,07:57:23,88.47,,0.26
